"","subject","breed","age","sex","neutering_status","birth_date","test_date","trial_number","session","condition","baited_side","correct","chosen_side","dark_green_bowl_side","ET_data","session_new","yarbus_file","experimenter"
"1","Arko3","collie",15,"m","unneutered","22/03/2021","14/07/2022",1,1,"gazing","l","0","r","r",1,1,"mobileET_ostension_arco_s1_yarbus_new_part1","kg"
"2","Arko3","collie",15,"m","unneutered","22/03/2021","14/07/2022",2,1,"gazing","r","1","r","r",1,1,"mobileET_ostension_arco_s1_yarbus_new_part1","kg"
"3","Arko3","collie",15,"m","unneutered","22/03/2021","14/07/2022",3,1,"control","l","0","r","r",1,1,"mobileET_ostension_arco_s1_yarbus_new_part1","kg"
"4","Arko3","collie",15,"m","unneutered","22/03/2021","14/07/2022",4,1,"gazing","r","1","r","r",1,1,"mobileET_ostension_arco_s1_yarbus_new_part1","kg"
"5","Arko3","collie",15,"m","unneutered","22/03/2021","14/07/2022",5,1,"gazing","l","0","r","r",1,1,"mobileET_ostension_arco_s1_yarbus_new_part1","kg"
"6","Arko3","collie",15,"m","unneutered","22/03/2021","14/07/2022",6,1,"gazing","r","1","r","r",1,1,"mobileET_ostension_arco_s1_yarbus_new_part1","kg"
"7","Arko3","collie",15,"m","unneutered","22/03/2021","14/07/2022",7,1,"gazing","r","1","r","r",1,1,"mobileET_ostension_arco_s1_yarbus_new_part1","kg"
"8","Arko3","collie",15,"m","unneutered","22/03/2021","14/07/2022",8,1,"control","l","0","r","",1,1,"","kg"
"9","Arko3","collie",15,"m","unneutered","22/03/2021","14/07/2022",9,1,"pointing","r","1","r","",1,1,"","kg"
"10","Arko3","collie",15,"m","unneutered","22/03/2021","14/07/2022",10,1,"pointing","l","0","r","",1,1,"","kg"
"11","Arko3","collie",15,"m","unneutered","22/03/2021","14/07/2022",11,1,"pointing","l","0","r","r",1,1,"mobileET_ostension_arco_s1_yarbus_new_part2","kg"
"12","Arko3","collie",15,"m","unneutered","22/03/2021","14/07/2022",12,1,"pointing","r","1","r","l",1,1,"mobileET_ostension_arco_s1_yarbus_new_part2","kg"
"13","Arko3","collie",15,"m","unneutered","22/03/2021","14/07/2022",13,1,"control","r","1","r","l",1,1,"mobileET_ostension_arco_s1_yarbus_new_part2","kg"
"14","Arko3","collie",15,"m","unneutered","22/03/2021","14/07/2022",14,1,"pointing","l","0","r","l",1,1,"mobileET_ostension_arco_s1_yarbus_new_part2","kg"
"15","Arko3","collie",15,"m","unneutered","22/03/2021","14/07/2022",15,1,"pointing","l","0","r","l",1,1,"mobileET_ostension_arco_s1_yarbus_new_part2","kg"
"16","Arko3","collie",19,"m","unneutered","22/03/2021","28/10/2022",16,2,"throwing","r","0","l","r",1,2,"mobileET_ostension_arco_s3_yarbus","kg"
"17","Arko3","collie",19,"m","unneutered","22/03/2021","28/10/2022",17,2,"throwing","l","0","r","l",1,2,"mobileET_ostension_arco_s3_yarbus","kg"
"18","Arko3","collie",19,"m","unneutered","22/03/2021","28/10/2022",18,2,"control","r","1","r","l",1,2,"mobileET_ostension_arco_s3_yarbus","kg"
"19","Arko3","collie",19,"m","unneutered","22/03/2021","28/10/2022",19,2,"throwing","l","0","r","r",1,2,"mobileET_ostension_arco_s3_yarbus","kg"
"20","Arko3","collie",19,"m","unneutered","22/03/2021","28/10/2022",20,2,"throwing","r","1","r","r",1,2,"mobileET_ostension_arco_s3_yarbus","kg"
"21","Arko3","collie",19,"m","unneutered","22/03/2021","28/10/2022",21,2,"throwing","r","1","r","r",1,2,"mobileET_ostension_arco_s3_yarbus","kg"
"22","Arko3","collie",19,"m","unneutered","22/03/2021","28/10/2022",22,2,"throwing","l","0","r","r",1,2,"mobileET_ostension_arco_s3_yarbus","kg"
"23","Arko3","collie",19,"m","unneutered","22/03/2021","28/10/2022",23,2,"control","l","0","r","r",1,2,"mobileET_ostension_arco_s3_yarbus","kg"
"24","Arko3","collie",19,"m","unneutered","22/03/2021","28/10/2022",24,2,"p+g","r","1","r","r",1,2,"mobileET_ostension_arco_s3_yarbus","kg"
"25","Arko3","collie",19,"m","unneutered","22/03/2021","28/10/2022",25,2,"p+g","l","0","r","r",1,2,"mobileET_ostension_arco_s3_yarbus","kg"
"26","Arko3","collie",19,"m","unneutered","22/03/2021","28/10/2022",26,2,"p+g","r","1","r","r",1,2,"mobileET_ostension_arco_s3_yarbus","kg"
"27","Arko3","collie",19,"m","unneutered","22/03/2021","28/10/2022",27,2,"p+g","l","0","r","r",1,2,"mobileET_ostension_arco_s3_yarbus","kg"
"28","Arko3","collie",19,"m","unneutered","22/03/2021","28/10/2022",28,2,"control","r","1","r","r",1,2,"mobileET_ostension_arco_s3_yarbus","kg"
"29","Arko3","collie",19,"m","unneutered","22/03/2021","28/10/2022",29,2,"p+g","l","1","l","r",1,2,"mobileET_ostension_arco_s3_yarbus","kg"
"30","Arko3","collie",19,"m","unneutered","22/03/2021","28/10/2022",30,2,"p+g","r","1","r","r",1,2,"mobileET_ostension_arco_s3_yarbus","kg"
"31","Diara","rhodesian_ridgeback",23,"f","unneutered","08/09/2020","06/09/2022",1,2,"throwing","l","0","r","l",1,1,"mobileET_ostention_diara_s2_yarbus_new","kg"
"32","Diara","rhodesian_ridgeback",23,"f","unneutered","08/09/2020","06/09/2022",2,2,"throwing","l","0","r","l",1,1,"mobileET_ostention_diara_s2_yarbus_new","kg"
"33","Diara","rhodesian_ridgeback",23,"f","unneutered","08/09/2020","06/09/2022",3,2,"control","r","1","r","l",1,1,"mobileET_ostention_diara_s2_yarbus_new","kg"
"34","Diara","rhodesian_ridgeback",23,"f","unneutered","08/09/2020","06/09/2022",4,2,"throwing","r","1","r","r",1,1,"mobileET_ostention_diara_s2_yarbus_new","kg"
"35","Diara","rhodesian_ridgeback",23,"f","unneutered","08/09/2020","06/09/2022",5,2,"throwing","l","0","r","r",1,1,"mobileET_ostention_diara_s2_yarbus_new","kg"
"36","Diara","rhodesian_ridgeback",23,"f","unneutered","08/09/2020","06/09/2022",6,2,"throwing","r","1","r","r",1,1,"mobileET_ostention_diara_s2_yarbus_new","kg"
"37","Diara","rhodesian_ridgeback",23,"f","unneutered","08/09/2020","06/09/2022",7,2,"throwing","l","0","r","l",1,1,"mobileET_ostention_diara_s2_yarbus_new","kg"
"38","Diara","rhodesian_ridgeback",23,"f","unneutered","08/09/2020","06/09/2022",8,2,"control","l","1","l","l",1,1,"mobileET_ostention_diara_s2_yarbus_new","kg"
"39","Diara","rhodesian_ridgeback",23,"f","unneutered","08/09/2020","06/09/2022",9,2,"p+g","r","1","r","l",1,1,"mobileET_ostention_diara_s2_yarbus_new","kg"
"40","Diara","rhodesian_ridgeback",23,"f","unneutered","08/09/2020","06/09/2022",10,2,"p+g","l","1","l","l",1,1,"mobileET_ostention_diara_s2_yarbus_new","kg"
"41","Diara","rhodesian_ridgeback",23,"f","unneutered","08/09/2020","06/09/2022",11,2,"p+g","r","1","r","r",1,1,"mobileET_ostention_diara_s2_yarbus_new","kg"
"42","Diara","rhodesian_ridgeback",23,"f","unneutered","08/09/2020","06/09/2022",12,2,"p+g","r","1","r","r",1,1,"mobileET_ostention_diara_s2_yarbus_new","kg"
"43","Diara","rhodesian_ridgeback",23,"f","unneutered","08/09/2020","06/09/2022",13,2,"control","l","0","r","l",1,1,"mobileET_ostention_diara_s2_yarbus_new","kg"
"44","Diara","rhodesian_ridgeback",23,"f","unneutered","08/09/2020","06/09/2022",14,2,"p+g","r","1","r","l",1,1,"mobileET_ostention_diara_s2_yarbus_new","kg"
"45","Diara","rhodesian_ridgeback",23,"f","unneutered","08/09/2020","06/09/2022",15,2,"p+g","l","0","r","l",1,1,"mobileET_ostention_diara_s2_yarbus_new","kg"
"46","Diara","rhodesian_ridgeback",24,"f","unneutered","08/09/2020","26/09/2022",16,3,"p+g","r","1","r","l",1,2,"mobileET_ostension_diara_s3_yarbus2","kg"
"47","Diara","rhodesian_ridgeback",24,"f","unneutered","08/09/2020","26/09/2022",17,3,"p+g","l","0","r","l",1,2,"mobileET_ostension_diara_s3_yarbus2","kg"
"48","Diara","rhodesian_ridgeback",24,"f","unneutered","08/09/2020","26/09/2022",18,3,"control","l","0","r","l",1,2,"mobileET_ostension_diara_s3_yarbus2","kg"
"49","Diara","rhodesian_ridgeback",24,"f","unneutered","08/09/2020","26/09/2022",19,3,"p+g","r","1","r","l",1,2,"mobileET_ostension_diara_s3_yarbus2","kg"
"50","Diara","rhodesian_ridgeback",24,"f","unneutered","08/09/2020","26/09/2022",20,3,"p+g","r","1","r","l",1,2,"mobileET_ostension_diara_s3_yarbus2","kg"
"51","Diara","rhodesian_ridgeback",24,"f","unneutered","08/09/2020","26/09/2022",21,3,"p+g","l","0","r","l",1,2,"mobileET_ostension_diara_s3_yarbus2","kg"
"52","Diara","rhodesian_ridgeback",24,"f","unneutered","08/09/2020","26/09/2022",22,3,"p+g","r","1","r","l",1,2,"mobileET_ostension_diara_s3_yarbus2","kg"
"53","Diara","rhodesian_ridgeback",24,"f","unneutered","08/09/2020","26/09/2022",23,3,"control","l","0","r","l",1,2,"mobileET_ostension_diara_s3_yarbus2","kg"
"54","Diara","rhodesian_ridgeback",24,"f","unneutered","08/09/2020","26/09/2022",24,3,"pointing","l","0","r","l",1,2,"mobileET_ostension_diara_s3_yarbus2","kg"
"55","Diara","rhodesian_ridgeback",24,"f","unneutered","08/09/2020","26/09/2022",25,3,"pointing","r","1","r","l",1,2,"mobileET_ostension_diara_s3_yarbus2","kg"
"56","Diara","rhodesian_ridgeback",24,"f","unneutered","08/09/2020","26/09/2022",26,3,"pointing","r","1","r","l",1,2,"mobileET_ostension_diara_s3_yarbus2","kg"
"57","Diara","rhodesian_ridgeback",24,"f","unneutered","08/09/2020","26/09/2022",27,3,"pointing","l","0","r","l",1,2,"mobileET_ostension_diara_s3_yarbus2","kg"
"58","Diara","rhodesian_ridgeback",24,"f","unneutered","08/09/2020","26/09/2022",28,3,"control","l","0","r","l",1,2,"mobileET_ostension_diara_s3_yarbus2","kg"
"59","Diara","rhodesian_ridgeback",24,"f","unneutered","08/09/2020","26/09/2022",29,3,"pointing","r","1","r","l",1,2,"mobileET_ostension_diara_s3_yarbus2","kg"
"60","Diara","rhodesian_ridgeback",24,"f","unneutered","08/09/2020","26/09/2022",30,3,"pointing","l","0","r","l",1,2,"mobileET_ostension_diara_s3_yarbus2","kg"
"61","Jimi","bull_terrier_mix",141,"m","neutered","07/10/2010","14/07/2022",1,1,"p+g","l","0","r","",0,NA,"","kg"
"62","Jimi","bull_terrier_mix",141,"m","neutered","07/10/2010","14/07/2022",2,1,"p+g","r","1","r","",0,NA,"","kg"
"63","Jimi","bull_terrier_mix",141,"m","neutered","07/10/2010","14/07/2022",3,1,"control","l","0","r","",0,NA,"","kg"
"64","Jimi","bull_terrier_mix",141,"m","neutered","07/10/2010","28/07/2022",1,2,"p+g","l","1","l","l",1,1,"mobileET_ostension_Jimi_S1_Yarbus","kg"
"65","Jimi","bull_terrier_mix",141,"m","neutered","07/10/2010","28/07/2022",2,2,"p+g","r","1","r","l",1,1,"mobileET_ostension_Jimi_S1_Yarbus","kg"
"66","Jimi","bull_terrier_mix",141,"m","neutered","07/10/2010","28/07/2022",3,2,"control","r","1","r","l",1,1,"mobileET_ostension_Jimi_S1_Yarbus","kg"
"67","Jimi","bull_terrier_mix",141,"m","neutered","07/10/2010","28/07/2022",4,2,"p+g","r","1","r","l",1,1,"mobileET_ostension_Jimi_S1_Yarbus","kg"
"68","Jimi","bull_terrier_mix",141,"m","neutered","07/10/2010","28/07/2022",5,2,"p+g","r","1","r","l",1,1,"mobileET_ostension_Jimi_S1_Yarbus","kg"
"69","Jimi","bull_terrier_mix",141,"m","neutered","07/10/2010","28/07/2022",6,2,"p+g","l","1","l","l",1,1,"mobileET_ostension_Jimi_S1_Yarbus","kg"
"70","Jimi","bull_terrier_mix",141,"m","neutered","07/10/2010","28/07/2022",7,2,"p+g","l","1","l","r",1,1,"mobileET_ostension_Jimi_S1_Yarbus","kg"
"71","Jimi","bull_terrier_mix",141,"m","neutered","07/10/2010","28/07/2022",8,2,"control","l","0","r","l",1,1,"mobileET_ostension_Jimi_S1_Yarbus","kg"
"72","Jimi","bull_terrier_mix",141,"m","neutered","07/10/2010","28/07/2022",9,2,"gazing","l","1","l","r",1,1,"mobileET_ostension_Jimi_S1_Yarbus","kg"
"73","Jimi","bull_terrier_mix",141,"m","neutered","07/10/2010","28/07/2022",10,2,"gazing","r","0","l","r",1,1,"mobileET_ostension_Jimi_S1_Yarbus","kg"
"74","Jimi","bull_terrier_mix",141,"m","neutered","07/10/2010","28/07/2022",11,2,"gazing","l","1","l","l",1,1,"mobileET_ostension_Jimi_S1_Yarbus","kg"
"75","Jimi","bull_terrier_mix",141,"m","neutered","07/10/2010","28/07/2022",12,2,"gazing","r","0","l","l",1,1,"mobileET_ostension_Jimi_S1_Yarbus","kg"
"76","Jimi","bull_terrier_mix",141,"m","neutered","07/10/2010","28/07/2022",13,2,"control","r","1","r","l",1,1,"mobileET_ostension_Jimi_S1_Yarbus","kg"
"77","Jimi","bull_terrier_mix",141,"m","neutered","07/10/2010","28/07/2022",14,2,"gazing","l","1","l","l",1,1,"mobileET_ostension_Jimi_S1_Yarbus","kg"
"78","Jimi","bull_terrier_mix",141,"m","neutered","07/10/2010","28/07/2022",15,2,"gazing","r","0","l","l",1,1,"mobileET_ostension_Jimi_S1_Yarbus","kg"
"79","Jimi","bull_terrier_mix",143,"m","neutered","07/10/2010","29/09/2022",16,3,"pointing","l","1","l","l",1,2,"mobileET_ostension_jimi_s2_yarbus","kg"
"80","Jimi","bull_terrier_mix",143,"m","neutered","07/10/2010","29/09/2022",17,3,"pointing","l","1","l","l",1,2,"mobileET_ostension_jimi_s2_yarbus","kg"
"81","Jimi","bull_terrier_mix",143,"m","neutered","07/10/2010","29/09/2022",18,3,"control","r","0","l","l",1,2,"mobileET_ostension_jimi_s2_yarbus","kg"
"82","Jimi","bull_terrier_mix",143,"m","neutered","07/10/2010","29/09/2022",19,3,"pointing","r","1","r","l",1,2,"mobileET_ostension_jimi_s2_yarbus","kg"
"83","Jimi","bull_terrier_mix",143,"m","neutered","07/10/2010","29/09/2022",20,3,"pointing","l","1","l","l",1,2,"mobileET_ostension_jimi_s2_yarbus","kg"
"84","Jimi","bull_terrier_mix",143,"m","neutered","07/10/2010","29/09/2022",21,3,"pointing","r","1","r","l",1,2,"mobileET_ostension_jimi_s2_yarbus","kg"
"85","Jimi","bull_terrier_mix",143,"m","neutered","07/10/2010","29/09/2022",22,3,"pointing","l","1","l","l",1,2,"mobileET_ostension_jimi_s2_yarbus","kg"
"86","Jimi","bull_terrier_mix",143,"m","neutered","07/10/2010","29/09/2022",23,3,"control","l","1","l","r",1,2,"mobileET_ostension_jimi_s2_yarbus","kg"
"87","Jimi","bull_terrier_mix",143,"m","neutered","07/10/2010","29/09/2022",24,3,"throwing","r","1","r","r",1,2,"mobileET_ostension_jimi_s2_yarbus","kg"
"88","Jimi","bull_terrier_mix",143,"m","neutered","07/10/2010","29/09/2022",25,3,"throwing","l","1","l","r",1,2,"mobileET_ostension_jimi_s2_yarbus","kg"
"89","Jimi","bull_terrier_mix",143,"m","neutered","07/10/2010","29/09/2022",26,3,"throwing","r","0","l","r",1,2,"mobileET_ostension_jimi_s2_yarbus","kg"
"90","Jimi","bull_terrier_mix",143,"m","neutered","07/10/2010","29/09/2022",27,3,"throwing","l","1","l","r",1,2,"mobileET_ostension_jimi_s2_yarbus","kg"
"91","Jimi","bull_terrier_mix",143,"m","neutered","07/10/2010","29/09/2022",28,3,"control","r","0","l","r",1,2,"mobileET_ostension_jimi_s2_yarbus","kg"
"92","Jimi","bull_terrier_mix",143,"m","neutered","07/10/2010","29/09/2022",29,3,"throwing","l","1","l","r",1,2,"mobileET_ostension_jimi_s2_yarbus","kg"
"93","Jimi","bull_terrier_mix",143,"m","neutered","07/10/2010","29/09/2022",30,3,"throwing","r","1","r","r",1,2,"mobileET_ostension_jimi_s2_yarbus","kg"
"94","Panda","american_staffordshire_terrier",39,"f","unneutered","19/04/2019","21/07/2022",1,1,"pointing","r","1","r","l",1,1,"MobileET_ostension_panda_s1_yarbus_new","kg"
"95","Panda","american_staffordshire_terrier",39,"f","unneutered","19/04/2019","21/07/2022",2,1,"pointing","l","0","r","l",1,1,"MobileET_ostension_panda_s1_yarbus_new","kg"
"96","Panda","american_staffordshire_terrier",39,"f","unneutered","19/04/2019","21/07/2022",3,1,"control","r","1","r","l",1,1,"MobileET_ostension_panda_s1_yarbus_new","kg"
"97","Panda","american_staffordshire_terrier",39,"f","unneutered","19/04/2019","21/07/2022",4,1,"pointing","l","1","l","l",1,1,"MobileET_ostension_panda_s1_yarbus_new","kg"
"98","Panda","american_staffordshire_terrier",39,"f","unneutered","19/04/2019","21/07/2022",5,1,"pointing","r","1","r","l",1,1,"MobileET_ostension_panda_s1_yarbus_new","kg"
"99","Panda","american_staffordshire_terrier",39,"f","unneutered","19/04/2019","21/07/2022",6,1,"pointing","l","1","l","l",1,1,"MobileET_ostension_panda_s1_yarbus_new","kg"
"100","Panda","american_staffordshire_terrier",39,"f","unneutered","19/04/2019","21/07/2022",7,1,"pointing","r","1","r","l",1,1,"MobileET_ostension_panda_s1_yarbus_new","kg"
"101","Panda","american_staffordshire_terrier",39,"f","unneutered","19/04/2019","21/07/2022",8,1,"control","l","0","r","l",1,1,"MobileET_ostension_panda_s1_yarbus_new","kg"
"102","Panda","american_staffordshire_terrier",39,"f","unneutered","19/04/2019","21/07/2022",9,1,"gazing","r","0","l","r",1,1,"MobileET_ostension_panda_s1_yarbus_new","kg"
"103","Panda","american_staffordshire_terrier",39,"f","unneutered","19/04/2019","21/07/2022",10,1,"gazing","l","0","r","l",1,1,"MobileET_ostension_panda_s1_yarbus_new","kg"
"104","Panda","american_staffordshire_terrier",39,"f","unneutered","19/04/2019","21/07/2022",11,1,"gazing","l","1","l","l",1,1,"MobileET_ostension_panda_s1_yarbus_new","kg"
"105","Panda","american_staffordshire_terrier",39,"f","unneutered","19/04/2019","21/07/2022",12,1,"gazing","r","0","l","r",1,1,"MobileET_ostension_panda_s1_yarbus_new","kg"
"106","Panda","american_staffordshire_terrier",39,"f","unneutered","19/04/2019","21/07/2022",13,1,"control","r","0","l","r",1,1,"MobileET_ostension_panda_s1_yarbus_new","kg"
"107","Panda","american_staffordshire_terrier",39,"f","unneutered","19/04/2019","21/07/2022",14,1,"gazing","l","0","r","r",1,1,"MobileET_ostension_panda_s1_yarbus_new","kg"
"108","Panda","american_staffordshire_terrier",39,"f","unneutered","19/04/2019","21/07/2022",15,1,"gazing","r","0","l","r",1,1,"MobileET_ostension_panda_s1_yarbus_new","kg"
"109","Panda","american_staffordshire_terrier",43,"f","unneutered","19/04/2019","21/11/2022",16,4,"p+g","l","0","r","l",1,2,"mobileET_ostension_panda_s4_yarbus","kg"
"110","Panda","american_staffordshire_terrier",43,"f","unneutered","19/04/2019","22/11/2022",17,4,"p+g","r","0","l","l",1,2,"mobileET_ostension_panda_s4_yarbus","kg"
"111","Panda","american_staffordshire_terrier",43,"f","unneutered","19/04/2019","21/11/2022",18,4,"control","l","1","l","l",1,2,"mobileET_ostension_panda_s4_yarbus","kg"
"112","Panda","american_staffordshire_terrier",43,"f","unneutered","19/04/2019","21/11/2022",19,4,"p+g","l","0","r","r",1,2,"mobileET_ostension_panda_s4_yarbus","kg"
"113","Panda","american_staffordshire_terrier",43,"f","unneutered","19/04/2019","21/11/2022",20,4,"p+g","r","0","l","r",1,2,"mobileET_ostension_panda_s4_yarbus","kg"
"114","Panda","american_staffordshire_terrier",43,"f","unneutered","19/04/2019","21/11/2022",21,4,"p+g","l","0","r","l",1,2,"mobileET_ostension_panda_s4_yarbus","kg"
"115","Panda","american_staffordshire_terrier",43,"f","unneutered","19/04/2019","21/11/2022",22,4,"p+g","r","0","l","l",1,2,"mobileET_ostension_panda_s4_yarbus","kg"
"116","Panda","american_staffordshire_terrier",43,"f","unneutered","19/04/2019","21/11/2022",23,4,"control","r","1","r","r",1,2,"mobileET_ostension_panda_s4_yarbus","kg"
"117","Panda","american_staffordshire_terrier",43,"f","unneutered","19/04/2019","22/11/2022",24,4,"throwing","l","1","l","r",1,2,"mobileET_ostension_panda_s4_yarbus","kg"
"118","Panda","american_staffordshire_terrier",43,"f","unneutered","19/04/2019","21/11/2022",25,4,"throwing","l","1","l","l",1,2,"mobileET_ostension_panda_s4_yarbus","kg"
"119","Panda","american_staffordshire_terrier",43,"f","unneutered","19/04/2019","21/11/2022",26,4,"throwing","r","0","l","l",1,2,"mobileET_ostension_panda_s4_yarbus","kg"
"120","Panda","american_staffordshire_terrier",43,"f","unneutered","19/04/2019","21/11/2022",27,4,"throwing","r","1","r","r",1,2,"mobileET_ostension_panda_s4_yarbus","kg"
"121","Panda","american_staffordshire_terrier",43,"f","unneutered","19/04/2019","21/11/2022",28,4,"control","l","0","r","r",1,2,"mobileET_ostension_panda_s4_yarbus","kg"
"122","Panda","american_staffordshire_terrier",43,"f","unneutered","19/04/2019","21/11/2022",29,4,"throwing","l","1","l","r",1,2,"mobileET_ostension_panda_s4_yarbus","kg"
"123","Panda","american_staffordshire_terrier",43,"f","unneutered","19/04/2019","21/11/2022",30,4,"throwing","r","0","l","l",1,2,"mobileET_ostension_panda_s4_yarbus","kg"
"124","Juna","flat_coated_retriever",77,"f","unneutered","06/02/2016","29/07/2022",1,1,"throwing","r","0","l","r",1,1,"mobileET_ostension_juna_s1_yarbus","kg"
"125","Juna","flat_coated_retriever",77,"f","unneutered","06/02/2016","29/07/2022",2,1,"throwing","l","0","r","r",1,1,"mobileET_ostension_juna_s1_yarbus","kg"
"126","Juna","flat_coated_retriever",77,"f","unneutered","06/02/2016","29/07/2022",3,1,"control","l","0","r","r",1,1,"mobileET_ostension_juna_s1_yarbus","kg"
"127","Juna","flat_coated_retriever",77,"f","unneutered","06/02/2016","29/07/2022",4,1,"throwing","r","1","r","r",1,1,"mobileET_ostension_juna_s1_yarbus","kg"
"128","Juna","flat_coated_retriever",77,"f","unneutered","06/02/2016","29/07/2022",5,1,"throwing","r","1","r","r",1,1,"mobileET_ostension_juna_s1_yarbus","kg"
"129","Juna","flat_coated_retriever",77,"f","unneutered","06/02/2016","29/07/2022",6,1,"throwing","l","0","r","r",1,1,"mobileET_ostension_juna_s1_yarbus","kg"
"130","Juna","flat_coated_retriever",77,"f","unneutered","06/02/2016","29/07/2022",7,1,"throwing","r","0","l","r",1,1,"mobileET_ostension_juna_s1_yarbus","kg"
"131","Juna","flat_coated_retriever",77,"f","unneutered","06/02/2016","29/07/2022",8,1,"control","l","0","r","r",1,1,"mobileET_ostension_juna_s1_yarbus","kg"
"132","Juna","flat_coated_retriever",77,"f","unneutered","06/02/2016","29/07/2022",9,1,"pointing","l","1","l","l",1,1,"mobileET_ostension_juna_s1_yarbus","kg"
"133","Juna","flat_coated_retriever",77,"f","unneutered","06/02/2016","29/07/2022",10,1,"pointing","r","1","r","l",1,1,"mobileET_ostension_juna_s1_yarbus","kg"
"134","Juna","flat_coated_retriever",77,"f","unneutered","06/02/2016","29/07/2022",11,1,"pointing","r","1","r","l",1,1,"mobileET_ostension_juna_s1_yarbus","kg"
"135","Juna","flat_coated_retriever",77,"f","unneutered","06/02/2016","29/07/2022",12,1,"pointing","l","0","r","l",1,1,"mobileET_ostension_juna_s1_yarbus","kg"
"136","Juna","flat_coated_retriever",77,"f","unneutered","06/02/2016","29/07/2022",13,1,"control","l","0","r","l",1,1,"mobileET_ostension_juna_s1_yarbus","kg"
"137","Juna","flat_coated_retriever",77,"f","unneutered","06/02/2016","29/07/2022",14,1,"pointing","r","1","r","l",1,1,"mobileET_ostension_juna_s1_yarbus","kg"
"138","Juna","flat_coated_retriever",77,"f","unneutered","06/02/2016","29/07/2022",15,1,"pointing","l","0","r","l",1,1,"mobileET_ostension_juna_s1_yarbus","kg"
"139","Juna","flat_coated_retriever",79,"f","unneutered","06/02/2016","07/09/2022",16,3,"p+g","r","0","l","r",1,2,"mobileET_ostension_juna_s3_yarbus","kg"
"140","Juna","flat_coated_retriever",79,"f","unneutered","06/02/2016","07/09/2022",17,3,"p+g","l","1","l","l",1,2,"mobileET_ostension_juna_s3_yarbus","kg"
"141","Juna","flat_coated_retriever",79,"f","unneutered","06/02/2016","07/09/2022",18,3,"control","r","0","l","r",1,2,"mobileET_ostension_juna_s3_yarbus","kg"
"142","Juna","flat_coated_retriever",79,"f","unneutered","06/02/2016","07/09/2022",19,3,"p+g","l","1","l","r",1,2,"mobileET_ostension_juna_s3_yarbus","kg"
"143","Juna","flat_coated_retriever",79,"f","unneutered","06/02/2016","07/09/2022",20,3,"p+g","l","1","l","l",1,2,"mobileET_ostension_juna_s3_yarbus","kg"
"144","Juna","flat_coated_retriever",79,"f","unneutered","06/02/2016","07/09/2022",21,3,"p+g","r","1","r","r",1,2,"mobileET_ostension_juna_s3_yarbus","kg"
"145","Juna","flat_coated_retriever",79,"f","unneutered","06/02/2016","07/09/2022",22,3,"p+g","l","1","l","r",1,2,"mobileET_ostension_juna_s3_yarbus","kg"
"146","Juna","flat_coated_retriever",79,"f","unneutered","06/02/2016","07/09/2022",23,3,"control","r","0","l","l",1,2,"mobileET_ostension_juna_s3_yarbus","kg"
"147","Juna","flat_coated_retriever",79,"f","unneutered","06/02/2016","07/09/2022",24,3,"gazing","r","0","l","l",1,2,"mobileET_ostension_juna_s3_yarbus","kg"
"148","Juna","flat_coated_retriever",79,"f","unneutered","06/02/2016","07/09/2022",25,3,"gazing","l","1","l","r",1,2,"mobileET_ostension_juna_s3_yarbus","kg"
"149","Juna","flat_coated_retriever",79,"f","unneutered","06/02/2016","07/09/2022",26,3,"gazing","l","1","l","r",1,2,"mobileET_ostension_juna_s3_yarbus","kg"
"150","Juna","flat_coated_retriever",79,"f","unneutered","06/02/2016","07/09/2022",27,3,"gazing","r","0","l","r",1,2,"mobileET_ostension_juna_s3_yarbus","kg"
"151","Juna","flat_coated_retriever",79,"f","unneutered","06/02/2016","07/09/2022",28,3,"control","l","1","l","r",1,2,"mobileET_ostension_juna_s3_yarbus","kg"
"152","Juna","flat_coated_retriever",79,"f","unneutered","06/02/2016","07/09/2022",29,3,"gazing","r","0","l","r",1,2,"mobileET_ostension_juna_s3_yarbus","kg"
"153","Juna","flat_coated_retriever",79,"f","unneutered","06/02/2016","07/09/2022",30,3,"gazing","l","1","l","r",1,2,"mobileET_ostension_juna_s3_yarbus","kg"
"154","Riu","australian_shepherd",52,"f","unneutered","28/03/2018","19/08/2022",1,1,"gazing","l","1","l","r",1,1,"mobileET_ostension_Riu_S1_Yarbus","kg"
"155","Riu","australian_shepherd",52,"f","unneutered","28/03/2018","19/08/2022",2,1,"gazing","r","1","r","r",1,1,"mobileET_ostension_Riu_S1_Yarbus","kg"
"156","Riu","australian_shepherd",52,"f","unneutered","28/03/2018","19/08/2022",3,1,"control","l","0","r","r",1,1,"mobileET_ostension_Riu_S1_Yarbus","kg"
"157","Riu","australian_shepherd",52,"f","unneutered","28/03/2018","19/08/2022",4,1,"gazing","r","0","l","r",1,1,"mobileET_ostension_Riu_S1_Yarbus","kg"
"158","Riu","australian_shepherd",52,"f","unneutered","28/03/2018","19/08/2022",5,1,"gazing","r","1","r","r",1,1,"mobileET_ostension_Riu_S1_Yarbus","kg"
"159","Riu","australian_shepherd",52,"f","unneutered","28/03/2018","19/08/2022",6,1,"gazing","l","0","r","r",1,1,"mobileET_ostension_Riu_S1_Yarbus","kg"
"160","Riu","australian_shepherd",52,"f","unneutered","28/03/2018","19/08/2022",7,1,"gazing","r","1","r","r",1,1,"mobileET_ostension_Riu_S1_Yarbus","kg"
"161","Riu","australian_shepherd",52,"f","unneutered","28/03/2018","19/08/2022",8,1,"control","l","1","l","r",1,1,"mobileET_ostension_Riu_S1_Yarbus","kg"
"162","Riu","australian_shepherd",52,"f","unneutered","28/03/2018","19/08/2022",9,1,"throwing","r","1","r","r",1,1,"mobileET_ostension_Riu_S1_Yarbus","kg"
"163","Riu","australian_shepherd",52,"f","unneutered","28/03/2018","19/08/2022",10,1,"throwing","l","1","l","r",1,1,"mobileET_ostension_Riu_S1_Yarbus","kg"
"164","Riu","australian_shepherd",52,"f","unneutered","28/03/2018","19/08/2022",11,1,"throwing","r","1","r","r",1,1,"mobileET_ostension_Riu_S1_Yarbus","kg"
"165","Riu","australian_shepherd",52,"f","unneutered","28/03/2018","19/08/2022",12,1,"throwing","l","0","r","r",1,1,"mobileET_ostension_Riu_S1_Yarbus","kg"
"166","Riu","australian_shepherd",52,"f","unneutered","28/03/2018","19/08/2022",13,1,"control","r","1","r","l",1,1,"mobileET_ostension_Riu_S1_Yarbus","kg"
"167","Riu","australian_shepherd",52,"f","unneutered","28/03/2018","19/08/2022",14,1,"throwing","l","1","l","l",1,1,"mobileET_ostension_Riu_S1_Yarbus","kg"
"168","Riu","australian_shepherd",52,"f","unneutered","28/03/2018","19/08/2022",15,1,"throwing","l","0","r","l",1,1,"mobileET_ostension_Riu_S1_Yarbus","kg"
"169","Riu","australian_shepherd",53,"f","unneutered","28/03/2018","19/09/2022",16,2,"p+g","r","1","r","r",1,2,"mobileET_ostension_riu_s2_varbus","kg"
"170","Riu","australian_shepherd",53,"f","unneutered","28/03/2018","19/09/2022",17,2,"p+g","l","1","l","r",1,2,"mobileET_ostension_riu_s2_varbus","kg"
"171","Riu","australian_shepherd",53,"f","unneutered","28/03/2018","19/09/2022",18,2,"control","r","1","r","r",1,2,"mobileET_ostension_riu_s2_varbus","kg"
"172","Riu","australian_shepherd",53,"f","unneutered","28/03/2018","19/09/2022",19,2,"p+g","r","1","r","r",1,2,"mobileET_ostension_riu_s2_varbus","kg"
"173","Riu","australian_shepherd",53,"f","unneutered","28/03/2018","19/09/2022",20,2,"p+g","l","1","l","r",1,2,"mobileET_ostension_riu_s2_varbus","kg"
"174","Riu","australian_shepherd",53,"f","unneutered","28/03/2018","19/09/2022",21,2,"p+g","l","1","l","r",1,2,"mobileET_ostension_riu_s2_varbus","kg"
"175","Riu","australian_shepherd",53,"f","unneutered","28/03/2018","19/09/2022",22,2,"p+g","r","1","r","r",1,2,"mobileET_ostension_riu_s2_varbus","kg"
"176","Riu","australian_shepherd",53,"f","unneutered","28/03/2018","19/09/2022",23,2,"control","r","0","l","r",1,2,"mobileET_ostension_riu_s2_varbus","kg"
"177","Riu","australian_shepherd",53,"f","unneutered","28/03/2018","19/09/2022",24,2,"pointing","l","0","r","l",1,2,"mobileET_ostension_riu_s2_varbus","kg"
"178","Riu","australian_shepherd",53,"f","unneutered","28/03/2018","19/09/2022",25,2,"pointing","r","1","r","l",1,2,"mobileET_ostension_riu_s2_varbus","kg"
"179","Riu","australian_shepherd",53,"f","unneutered","28/03/2018","19/09/2022",26,2,"pointing","l","0","r","l",1,2,"mobileET_ostension_riu_s2_varbus","kg"
"180","Riu","australian_shepherd",53,"f","unneutered","28/03/2018","19/09/2022",27,2,"pointing","l","0","r","l",1,2,"mobileET_ostension_riu_s2_varbus","kg"
"181","Riu","australian_shepherd",53,"f","unneutered","28/03/2018","19/09/2022",28,2,"control","r","0","l","l",1,2,"mobileET_ostension_riu_s2_varbus","kg"
"182","Riu","australian_shepherd",53,"f","unneutered","28/03/2018","19/09/2022",29,2,"pointing","r","1","r","l",1,2,"mobileET_ostension_riu_s2_varbus","kg"
"183","Riu","australian_shepherd",53,"f","unneutered","28/03/2018","19/09/2022",30,2,"pointing","l","0","r","l",1,2,"mobileET_ostension_riu_s2_varbus","kg"
"184","Mia11","german_shorthaired_pointer_mix",47,"f","unneutered","01/10/2018","19/09/2022",1,1,"gazing","l","0","r","r",1,1,"mobileET_ostension_mia_s1_yarbus","kg"
"185","Mia11","german_shorthaired_pointer_mix",47,"f","unneutered","01/10/2018","19/09/2022",2,1,"gazing","l","0","r","r",1,1,"mobileET_ostension_mia_s1_yarbus","kg"
"186","Mia11","german_shorthaired_pointer_mix",47,"f","unneutered","01/10/2018","19/09/2022",3,1,"control","r","1","r","r",1,1,"mobileET_ostension_mia_s1_yarbus","kg"
"187","Mia11","german_shorthaired_pointer_mix",47,"f","unneutered","01/10/2018","19/09/2022",4,1,"gazing","l","0","r","l",1,1,"mobileET_ostension_mia_s1_yarbus","kg"
"188","Mia11","german_shorthaired_pointer_mix",47,"f","unneutered","01/10/2018","19/09/2022",5,1,"gazing","r","1","r","l",1,1,"mobileET_ostension_mia_s1_yarbus","kg"
"189","Mia11","german_shorthaired_pointer_mix",47,"f","unneutered","01/10/2018","19/09/2022",6,1,"gazing","l","0","r","l",1,1,"mobileET_ostension_mia_s1_yarbus","kg"
"190","Mia11","german_shorthaired_pointer_mix",47,"f","unneutered","01/10/2018","19/09/2022",7,1,"gazing","r","1","r","l",1,1,"mobileET_ostension_mia_s1_yarbus","kg"
"191","Mia11","german_shorthaired_pointer_mix",47,"f","unneutered","01/10/2018","19/09/2022",8,1,"control","r","1","r","l",1,1,"mobileET_ostension_mia_s1_yarbus","kg"
"192","Mia11","german_shorthaired_pointer_mix",47,"f","unneutered","01/10/2018","19/09/2022",9,1,"p+g","l","0","r","l",1,1,"mobileET_ostension_mia_s1_yarbus","kg"
"193","Mia11","german_shorthaired_pointer_mix",47,"f","unneutered","01/10/2018","19/09/2022",10,1,"p+g","r","1","r","l",1,1,"mobileET_ostension_mia_s1_yarbus","kg"
"194","Mia11","german_shorthaired_pointer_mix",47,"f","unneutered","01/10/2018","19/09/2022",11,1,"p+g","l","0","r","l",1,1,"mobileET_ostension_mia_s1_yarbus","kg"
"195","Mia11","german_shorthaired_pointer_mix",47,"f","unneutered","01/10/2018","19/09/2022",12,1,"p+g","l","0","r","l",1,1,"mobileET_ostension_mia_s1_yarbus","kg"
"196","Mia11","german_shorthaired_pointer_mix",47,"f","unneutered","01/10/2018","19/09/2022",13,1,"control","r","1","r","l",1,1,"mobileET_ostension_mia_s1_yarbus","kg"
"197","Mia11","german_shorthaired_pointer_mix",47,"f","unneutered","01/10/2018","19/09/2022",14,1,"p+g","r","1","r","l",1,1,"mobileET_ostension_mia_s1_yarbus","kg"
"198","Mia11","german_shorthaired_pointer_mix",47,"f","unneutered","01/10/2018","19/09/2022",15,1,"p+g","l","0","r","l",1,1,"mobileET_ostension_mia_s1_yarbus","kg"
"199","Mia11","german_shorthaired_pointer_mix",47,"f","unneutered","01/10/2018","30/09/2022",16,2,"pointing","l","0","r","r",1,2,"mobileET_ostension_Mia_S2_yarbus","kg"
"200","Mia11","german_shorthaired_pointer_mix",47,"f","unneutered","01/10/2018","30/09/2022",17,2,"pointing","r","1","r","r",1,2,"mobileET_ostension_Mia_S2_yarbus","kg"
"201","Mia11","german_shorthaired_pointer_mix",47,"f","unneutered","01/10/2018","30/09/2022",18,2,"control","r","1","r","r",1,2,"mobileET_ostension_Mia_S2_yarbus","kg"
"202","Mia11","german_shorthaired_pointer_mix",47,"f","unneutered","01/10/2018","30/09/2022",19,2,"pointing","l","0","r","r",1,2,"mobileET_ostension_Mia_S2_yarbus","kg"
"203","Mia11","german_shorthaired_pointer_mix",47,"f","unneutered","01/10/2018","30/09/2022",20,2,"pointing","r","1","r","r",1,2,"mobileET_ostension_Mia_S2_yarbus","kg"
"204","Mia11","german_shorthaired_pointer_mix",47,"f","unneutered","01/10/2018","30/09/2022",21,2,"pointing","l","0","r","r",1,2,"mobileET_ostension_Mia_S2_yarbus","kg"
"205","Mia11","german_shorthaired_pointer_mix",47,"f","unneutered","01/10/2018","30/09/2022",22,2,"pointing","l","0","r","r",1,2,"mobileET_ostension_Mia_S2_yarbus","kg"
"206","Mia11","german_shorthaired_pointer_mix",47,"f","unneutered","01/10/2018","30/09/2022",23,2,"control","l","0","r","r",1,2,"mobileET_ostension_Mia_S2_yarbus","kg"
"207","Mia11","german_shorthaired_pointer_mix",47,"f","unneutered","01/10/2018","30/09/2022",24,2,"throwing","l","0","r","l",1,2,"mobileET_ostension_Mia_S2_yarbus","kg"
"208","Mia11","german_shorthaired_pointer_mix",47,"f","unneutered","01/10/2018","30/09/2022",25,2,"throwing","r","0","l","l",1,2,"mobileET_ostension_Mia_S2_yarbus","kg"
"209","Mia11","german_shorthaired_pointer_mix",47,"f","unneutered","01/10/2018","30/09/2022",26,2,"throwing","r","0","l","r",1,2,"mobileET_ostension_Mia_S2_yarbus","kg"
"210","Mia11","german_shorthaired_pointer_mix",47,"f","unneutered","01/10/2018","30/09/2022",27,2,"throwing","l","0","r","r",1,2,"mobileET_ostension_Mia_S2_yarbus","kg"
"211","Mia11","german_shorthaired_pointer_mix",47,"f","unneutered","01/10/2018","30/09/2022",28,2,"control","l","0","r","r",1,2,"mobileET_ostension_Mia_S2_yarbus","kg"
"212","Mia11","german_shorthaired_pointer_mix",47,"f","unneutered","01/10/2018","30/09/2022",29,2,"throwing","r","1","r","r",1,2,"mobileET_ostension_Mia_S2_yarbus","kg"
"213","Mia11","german_shorthaired_pointer_mix",47,"f","unneutered","01/10/2018","30/09/2022",30,2,"throwing","r","1","r","r",1,2,"mobileET_ostension_Mia_S2_yarbus","kg"
"214","Emil9","poodle",24,"m","unneutered","16/09/2020","26/09/2022",1,1,"p+g","l","1","l","r",1,1,"mobileET_ostension_emil_s2_yarbus","kg"
"215","Emil9","poodle",24,"m","unneutered","16/09/2020","26/09/2022",2,1,"p+g","l","1","l","l",1,1,"mobileET_ostension_emil_s2_yarbus","kg"
"216","Emil9","poodle",24,"m","unneutered","16/09/2020","26/09/2022",3,1,"control","r","0","l","l",1,1,"mobileET_ostension_emil_s2_yarbus","kg"
"217","Emil9","poodle",24,"m","unneutered","16/09/2020","26/09/2022",4,1,"p+g","r","1","r","l",1,1,"mobileET_ostension_emil_s2_yarbus","kg"
"218","Emil9","poodle",24,"m","unneutered","16/09/2020","26/09/2022",5,1,"p+g","l","1","l","l",1,1,"mobileET_ostension_emil_s2_yarbus","kg"
"219","Emil9","poodle",24,"m","unneutered","16/09/2020","26/09/2022",6,1,"p+g","l","1","l","l",1,1,"mobileET_ostension_emil_s2_yarbus","kg"
"220","Emil9","poodle",24,"m","unneutered","16/09/2020","26/09/2022",7,1,"p+g","r","1","r","l",1,1,"mobileET_ostension_emil_s2_yarbus","kg"
"221","Emil9","poodle",24,"m","unneutered","16/09/2020","26/09/2022",8,1,"control","l","1","l","l",1,1,"mobileET_ostension_emil_s2_yarbus","kg"
"222","Emil9","poodle",24,"m","unneutered","16/09/2020","26/09/2022",9,1,"gazing","r","1","r","l",1,1,"mobileET_ostension_emil_s2_yarbus","kg"
"223","Emil9","poodle",24,"m","unneutered","16/09/2020","26/09/2022",10,1,"gazing","l","0","r","l",1,1,"mobileET_ostension_emil_s2_yarbus","kg"
"224","Emil9","poodle",24,"m","unneutered","16/09/2020","26/09/2022",11,1,"gazing","r","1","r","l",1,1,"mobileET_ostension_emil_s2_yarbus","kg"
"225","Emil9","poodle",24,"m","unneutered","16/09/2020","26/09/2022",12,1,"gazing","r","0","l","l",1,1,"mobileET_ostension_emil_s2_yarbus","kg"
"226","Emil9","poodle",24,"m","unneutered","16/09/2020","26/09/2022",13,1,"control","l","0","r","l",1,1,"mobileET_ostension_emil_s2_yarbus","kg"
"227","Emil9","poodle",24,"m","unneutered","16/09/2020","26/09/2022",14,1,"gazing","r","0","l","l",1,1,"mobileET_ostension_emil_s2_yarbus","kg"
"228","Emil9","poodle",24,"m","unneutered","16/09/2020","26/09/2022",15,1,"gazing","l","1","l","r",1,1,"mobileET_ostension_emil_s2_yarbus","kg"
"229","Emil9","poodle",24,"m","unneutered","16/09/2020","30/09/2022",16,2,"throwing","r","1","r","r",1,2,"mobileET_ostension_emil_s3_yarbus","kg"
"230","Emil9","poodle",24,"m","unneutered","16/09/2020","30/09/2022",17,2,"throwing","l","1","l","r",1,2,"mobileET_ostension_emil_s3_yarbus","kg"
"231","Emil9","poodle",24,"m","unneutered","16/09/2020","30/09/2022",18,2,"control","l","0","r","r",1,2,"mobileET_ostension_emil_s3_yarbus","kg"
"232","Emil9","poodle",24,"m","unneutered","16/09/2020","30/09/2022",19,2,"throwing","r","0","l","r",1,2,"mobileET_ostension_emil_s3_yarbus","kg"
"233","Emil9","poodle",24,"m","unneutered","16/09/2020","30/09/2022",20,2,"throwing","r","1","r","r",1,2,"mobileET_ostension_emil_s3_yarbus","kg"
"234","Emil9","poodle",24,"m","unneutered","16/09/2020","30/09/2022",21,2,"throwing","l","1","l","r",1,2,"mobileET_ostension_emil_s3_yarbus","kg"
"235","Emil9","poodle",24,"m","unneutered","16/09/2020","30/09/2022",22,2,"throwing","r","0","l","r",1,2,"mobileET_ostension_emil_s3_yarbus","kg"
"236","Emil9","poodle",24,"m","unneutered","16/09/2020","30/09/2022",23,2,"control","l","0","r","r",1,2,"mobileET_ostension_emil_s3_yarbus","kg"
"237","Emil9","poodle",24,"m","unneutered","16/09/2020","30/09/2022",24,2,"pointing","r","1","r","r",1,2,"mobileET_ostension_emil_s3_yarbus","kg"
"238","Emil9","poodle",24,"m","unneutered","16/09/2020","30/09/2022",25,2,"pointing","l","1","l","r",1,2,"mobileET_ostension_emil_s3_yarbus","kg"
"239","Emil9","poodle",24,"m","unneutered","16/09/2020","30/09/2022",26,2,"pointing","l","1","l","r",1,2,"mobileET_ostension_emil_s3_yarbus","kg"
"240","Emil9","poodle",24,"m","unneutered","16/09/2020","30/09/2022",27,2,"pointing","r","1","r","r",1,2,"mobileET_ostension_emil_s3_yarbus","kg"
"241","Emil9","poodle",24,"m","unneutered","16/09/2020","30/09/2022",28,2,"control","l","1","l","r",1,2,"mobileET_ostension_emil_s3_yarbus","kg"
"242","Emil9","poodle",24,"m","unneutered","16/09/2020","30/09/2022",29,2,"pointing","r","0","l","r",1,2,"mobileET_ostension_emil_s3_yarbus","kg"
"243","Emil9","poodle",24,"m","unneutered","16/09/2020","30/09/2022",30,2,"pointing","r","0","l","l",1,2,"mobileET_ostension_emil_s3_yarbus","kg"
"244","Mexx2","australian_shepherd",129,"m","unneutered","30/12/2011","21/10/2022",1,1,"gazing","l","1","l","l",1,1,"mobileET_ostension_mexx_s1_yarbus","pb"
"245","Mexx2","australian_shepherd",129,"m","unneutered","30/12/2011","21/10/2022",2,1,"gazing","r","1","r","r",1,1,"mobileET_ostension_mexx_s1_yarbus","pb"
"246","Mexx2","australian_shepherd",129,"m","unneutered","30/12/2011","21/10/2022",3,1,"gazing","l","1","l","l",1,1,"mobileET_ostension_mexx_s1_yarbus","pb"
"247","Mexx2","australian_shepherd",129,"m","unneutered","30/12/2011","21/10/2022",4,1,"gazing","r","0","l","l",1,1,"mobileET_ostension_mexx_s1_yarbus","pb"
"248","Mexx2","australian_shepherd",129,"m","unneutered","30/12/2011","21/10/2022",5,1,"control","l","0","r","l",1,1,"mobileET_ostension_mexx_s1_yarbus","pb"
"249","Mexx2","australian_shepherd",129,"m","unneutered","30/12/2011","21/10/2022",6,1,"gazing","r","1","r","l",1,1,"mobileET_ostension_mexx_s1_yarbus","pb"
"250","Mexx2","australian_shepherd",129,"m","unneutered","30/12/2011","21/10/2022",7,1,"gazing","r","1","r","l",1,1,"mobileET_ostension_mexx_s1_yarbus","pb"
"251","Mexx2","australian_shepherd",129,"m","unneutered","30/12/2011","21/10/2022",8,1,"control","l","0","r","l",1,1,"mobileET_ostension_mexx_s1_yarbus","pb"
"252","Mexx2","australian_shepherd",129,"m","unneutered","30/12/2011","21/10/2022",9,1,"throwing","r","1","r","l",1,1,"mobileET_ostension_mexx_s1_yarbus","pb"
"253","Mexx2","australian_shepherd",129,"m","unneutered","30/12/2011","21/10/2022",10,1,"throwing","l","0","r","l",1,1,"mobileET_ostension_mexx_s1_yarbus","pb"
"254","Mexx2","australian_shepherd",129,"m","unneutered","30/12/2011","21/10/2022",11,1,"throwing","l","1","l","l",1,1,"mobileET_ostension_mexx_s1_yarbus","pb"
"255","Mexx2","australian_shepherd",129,"m","unneutered","30/12/2011","21/10/2022",12,1,"throwing","r","0","l","l",1,1,"mobileET_ostension_mexx_s1_yarbus","pb"
"256","Mexx2","australian_shepherd",129,"m","unneutered","30/12/2011","21/10/2022",13,1,"control","l","0","r","l",1,1,"mobileET_ostension_mexx_s1_yarbus","pb"
"257","Mexx2","australian_shepherd",129,"m","unneutered","30/12/2011","21/10/2022",14,1,"throwing","r","0","l","l",1,1,"mobileET_ostension_mexx_s1_yarbus","pb"
"258","Mexx2","australian_shepherd",129,"m","unneutered","30/12/2011","21/10/2022",15,1,"throwing","r","0","l","l",1,1,"mobileET_ostension_mexx_s1_yarbus","pb"
"259","Mexx2","australian_shepherd",130,"m","unneutered","30/12/2011","22/11/2022",16,3,"p+g","l","1","l","r",1,2,"mobileET_ostension_mexx_s3_yarbus","pb"
"260","Mexx2","australian_shepherd",130,"m","unneutered","30/12/2011","22/11/2022",17,3,"p+g","r","1","r","r",1,2,"mobileET_ostension_mexx_s3_yarbus","pb"
"261","Mexx2","australian_shepherd",130,"m","unneutered","30/12/2011","22/11/2022",18,3,"control","l","1","l","l",1,2,"mobileET_ostension_mexx_s3_yarbus","pb"
"262","Mexx2","australian_shepherd",130,"m","unneutered","30/12/2011","22/11/2022",19,3,"p+g","r","1","r","l",1,2,"mobileET_ostension_mexx_s3_yarbus","pb"
"263","Mexx2","australian_shepherd",130,"m","unneutered","30/12/2011","22/11/2022",20,3,"p+g","l","1","l","r",1,2,"mobileET_ostension_mexx_s3_yarbus","pb"
"264","Mexx2","australian_shepherd",130,"m","unneutered","30/12/2011","22/11/2022",21,3,"p+g","l","1","l","r",1,2,"mobileET_ostension_mexx_s3_yarbus","pb"
"265","Mexx2","australian_shepherd",130,"m","unneutered","30/12/2011","22/11/2022",22,3,"p+g","r","1","r","r",1,2,"mobileET_ostension_mexx_s3_yarbus","pb"
"266","Mexx2","australian_shepherd",130,"m","unneutered","30/12/2011","22/11/2022",23,3,"control","l","1","l","l",1,2,"mobileET_ostension_mexx_s3_yarbus","pb"
"267","Mexx2","australian_shepherd",130,"m","unneutered","30/12/2011","22/11/2022",24,3,"pointing","r","1","r","l",1,2,"mobileET_ostension_mexx_s3_yarbus","pb"
"268","Mexx2","australian_shepherd",130,"m","unneutered","30/12/2011","22/11/2022",25,3,"pointing","l","1","l","l",1,2,"mobileET_ostension_mexx_s3_yarbus","pb"
"269","Mexx2","australian_shepherd",130,"m","unneutered","30/12/2011","22/11/2022",26,3,"pointing","r","1","r","l",1,2,"mobileET_ostension_mexx_s3_yarbus","pb"
"270","Mexx2","australian_shepherd",130,"m","unneutered","30/12/2011","22/11/2022",27,3,"pointing","r","1","r","r",1,2,"mobileET_ostension_mexx_s3_yarbus","pb"
"271","Mexx2","australian_shepherd",130,"m","unneutered","30/12/2011","22/11/2022",28,3,"control","l","1","l","l",1,2,"mobileET_ostension_mexx_s3_yarbus","pb"
"272","Mexx2","australian_shepherd",130,"m","unneutered","30/12/2011","22/11/2022",29,3,"pointing","l","1","l","r",1,2,"mobileET_ostension_mexx_s3_yarbus","pb"
"273","Mexx2","australian_shepherd",130,"m","unneutered","30/12/2011","22/11/2022",30,3,"pointing","r","1","r","r",1,2,"mobileET_ostension_mexx_s3_yarbus","pb"
"274","Floki","australian_shepherd",12,"m","unneutered","31/10/2021","04/11/2022",1,2,"pointing","r","1","r","r",1,1,"mobileET_ostension_floki_s2_yarbus_new","pb"
"275","Floki","australian_shepherd",12,"m","unneutered","31/10/2021","04/11/2022",2,2,"pointing","l","0","r","r",1,1,"mobileET_ostension_floki_s2_yarbus_new","pb"
"276","Floki","australian_shepherd",12,"m","unneutered","31/10/2021","04/11/2022",3,2,"pointing","r","1","r","r",1,1,"mobileET_ostension_floki_s2_yarbus_new","pb"
"277","Floki","australian_shepherd",12,"m","unneutered","31/10/2021","04/11/2022",4,2,"pointing","l","0","r","r",1,1,"mobileET_ostension_floki_s2_yarbus_new","pb"
"278","Floki","australian_shepherd",12,"m","unneutered","31/10/2021","04/11/2022",5,2,"control","r","0","l","r",1,1,"mobileET_ostension_floki_s2_yarbus_new","pb"
"279","Floki","australian_shepherd",12,"m","unneutered","31/10/2021","04/11/2022",6,2,"pointing","l","1","l","r",1,1,"mobileET_ostension_floki_s2_yarbus_new","pb"
"280","Floki","australian_shepherd",12,"m","unneutered","31/10/2021","04/11/2022",7,2,"pointing","r","1","r","r",1,1,"mobileET_ostension_floki_s2_yarbus_new","pb"
"281","Floki","australian_shepherd",12,"m","unneutered","31/10/2021","04/11/2022",8,2,"control","l","0","r","r",1,1,"mobileET_ostension_floki_s2_yarbus_new","pb"
"282","Floki","australian_shepherd",12,"m","unneutered","31/10/2021","04/11/2022",9,2,"p+g","r","1","r","r",1,1,"mobileET_ostension_floki_s2_yarbus_new","pb"
"283","Floki","australian_shepherd",12,"m","unneutered","31/10/2021","04/11/2022",10,2,"p+g","l","0","r","r",1,1,"mobileET_ostension_floki_s2_yarbus_new","pb"
"284","Floki","australian_shepherd",12,"m","unneutered","31/10/2021","04/11/2022",11,2,"p+g","l","1","l","r",1,1,"mobileET_ostension_floki_s2_yarbus_new","pb"
"285","Floki","australian_shepherd",12,"m","unneutered","31/10/2021","04/11/2022",12,2,"p+g","r","1","r","r",1,1,"mobileET_ostension_floki_s2_yarbus_new","pb"
"286","Floki","australian_shepherd",12,"m","unneutered","31/10/2021","04/11/2022",13,2,"control","r","1","r","r",1,1,"mobileET_ostension_floki_s2_yarbus_new","pb"
"287","Floki","australian_shepherd",12,"m","unneutered","31/10/2021","04/11/2022",14,2,"p+g","l","0","r","r",1,1,"mobileET_ostension_floki_s2_yarbus_new","pb"
"288","Floki","australian_shepherd",12,"m","unneutered","31/10/2021","04/11/2022",15,2,"p+g","r","0","l","r",1,1,"mobileET_ostension_floki_s2_yarbus_new","pb"
"289","Floki","australian_shepherd",12,"m","unneutered","31/10/2021","22/11/2022",16,3,"throwing","l","0","r","l",1,2,"mobileET_ostension_floki_s3_yarbus","pb"
"290","Floki","australian_shepherd",12,"m","unneutered","31/10/2021","22/11/2022",17,3,"throwing","l","0","r","r",1,2,"mobileET_ostension_floki_s3_yarbus","pb"
"291","Floki","australian_shepherd",12,"m","unneutered","31/10/2021","22/11/2022",18,3,"control","r","1","r","l",1,2,"mobileET_ostension_floki_s3_yarbus","pb"
"292","Floki","australian_shepherd",12,"m","unneutered","31/10/2021","22/11/2022",19,3,"throwing","r","1","r","r",1,2,"mobileET_ostension_floki_s3_yarbus","pb"
"293","Floki","australian_shepherd",12,"m","unneutered","31/10/2021","22/11/2022",20,3,"throwing","l","0","r","l",1,2,"mobileET_ostension_floki_s3_yarbus","pb"
"294","Floki","australian_shepherd",12,"m","unneutered","31/10/2021","22/11/2022",21,3,"throwing","r","1","r","r",1,2,"mobileET_ostension_floki_s3_yarbus","pb"
"295","Floki","australian_shepherd",12,"m","unneutered","31/10/2021","22/11/2022",22,3,"throwing","l","0","r","l",1,2,"mobileET_ostension_floki_s3_yarbus","pb"
"296","Floki","australian_shepherd",12,"m","unneutered","31/10/2021","22/11/2022",23,3,"control","l","0","r","r",1,2,"mobileET_ostension_floki_s3_yarbus","pb"
"297","Floki","australian_shepherd",12,"m","unneutered","31/10/2021","22/11/2022",24,3,"gazing","r","1","r","l",1,2,"mobileET_ostension_floki_s3_yarbus","pb"
"298","Floki","australian_shepherd",12,"m","unneutered","31/10/2021","22/11/2022",25,3,"gazing","l","0","r","r",1,2,"mobileET_ostension_floki_s3_yarbus","pb"
"299","Floki","australian_shepherd",12,"m","unneutered","31/10/2021","22/11/2022",26,3,"gazing","r","1","r","r",1,2,"mobileET_ostension_floki_s3_yarbus","pb"
"300","Floki","australian_shepherd",12,"m","unneutered","31/10/2021","22/11/2022",27,3,"gazing","l","0","r","r",1,2,"mobileET_ostension_floki_s3_yarbus","pb"
"301","Floki","australian_shepherd",12,"m","unneutered","31/10/2021","22/11/2022",28,3,"control","r","1","r","r",1,2,"mobileET_ostension_floki_s3_yarbus","pb"
"302","Floki","australian_shepherd",12,"m","unneutered","31/10/2021","22/11/2022",29,3,"gazing","l","0","r","l",1,2,"mobileET_ostension_floki_s3_yarbus","pb"
"303","Floki","australian_shepherd",12,"m","unneutered","31/10/2021","22/11/2022",30,3,"gazing","r","1","r","l",1,2,"mobileET_ostension_floki_s3_yarbus","pb"
"304","Django2","american_staffordshire_terrier",88,"f","unneutered","24/06/2015","21/11/2022",1,1,"throwing","l","0","r","r",1,1,"mobileET_ostension_django_s1_yarbus","pb"
"305","Django2","american_staffordshire_terrier",88,"f","unneutered","24/06/2015","21/11/2022",2,1,"throwing","r","1","r","r",1,1,"mobileET_ostension_django_s1_yarbus","pb"
"306","Django2","american_staffordshire_terrier",88,"f","unneutered","24/06/2015","21/11/2022",3,1,"control","l","0","r","l",1,1,"mobileET_ostension_django_s1_yarbus","pb"
"307","Django2","american_staffordshire_terrier",88,"f","unneutered","24/06/2015","21/11/2022",4,1,"throwing","r","1","r","l",1,1,"mobileET_ostension_django_s1_yarbus","pb"
"308","Django2","american_staffordshire_terrier",88,"f","unneutered","24/06/2015","21/11/2022",5,1,"throwing","l","0","r","r",1,1,"mobileET_ostension_django_s1_yarbus","pb"
"309","Django2","american_staffordshire_terrier",88,"f","unneutered","24/06/2015","21/11/2022",6,1,"throwing","r","1","r","r",1,1,"mobileET_ostension_django_s1_yarbus","pb"
"310","Django2","american_staffordshire_terrier",88,"f","unneutered","24/06/2015","21/11/2022",7,1,"throwing","l","0","r","l",1,1,"mobileET_ostension_django_s1_yarbus","pb"
"311","Django2","american_staffordshire_terrier",88,"f","unneutered","24/06/2015","21/11/2022",8,1,"control","r","1","r","l",1,1,"mobileET_ostension_django_s1_yarbus","pb"
"312","Django2","american_staffordshire_terrier",88,"f","unneutered","24/06/2015","21/11/2022",9,1,"p+g","l","1","l","r",1,1,"mobileET_ostension_django_s1_yarbus","pb"
"313","Django2","american_staffordshire_terrier",88,"f","unneutered","24/06/2015","21/11/2022",10,1,"p+g","r","1","r","l",1,1,"mobileET_ostension_django_s1_yarbus","pb"
"314","Django2","american_staffordshire_terrier",88,"f","unneutered","24/06/2015","21/11/2022",11,1,"p+g","l","1","l","r",1,1,"mobileET_ostension_django_s1_yarbus","pb"
"315","Django2","american_staffordshire_terrier",88,"f","unneutered","24/06/2015","21/11/2022",12,1,"p+g","r","1","r","r",1,1,"mobileET_ostension_django_s1_yarbus","pb"
"316","Django2","american_staffordshire_terrier",88,"f","unneutered","24/06/2015","21/11/2022",13,1,"control","l","0","r","l",1,1,"mobileET_ostension_django_s1_yarbus","pb"
"317","Django2","american_staffordshire_terrier",88,"f","unneutered","24/06/2015","21/11/2022",14,1,"p+g","r","0","r","l",1,1,"mobileET_ostension_django_s1_yarbus","pb"
"318","Django2","american_staffordshire_terrier",88,"f","unneutered","24/06/2015","21/11/2022",15,1,"p+g","l","1","l","r",1,1,"mobileET_ostension_django_s1_yarbus","pb"
"319","Django2","american_staffordshire_terrier",89,"f","unneutered","24/06/2015","01/12/2022",16,2,"pointing","r","0","l","r",1,2,"mobileET_ostension_django_s2_yarbus_new","pb"
"320","Django2","american_staffordshire_terrier",89,"f","unneutered","24/06/2015","01/12/2022",17,2,"pointing","l","1","l","r",1,2,"mobileET_ostension_django_s2_yarbus_new","pb"
"321","Django2","american_staffordshire_terrier",89,"f","unneutered","24/06/2015","01/12/2022",18,2,"control","r","0","l","r",1,2,"mobileET_ostension_django_s2_yarbus_new","pb"
"322","Django2","american_staffordshire_terrier",89,"f","unneutered","24/06/2015","01/12/2022",19,2,"pointing","l","1","l","r",1,2,"mobileET_ostension_django_s2_yarbus_new","pb"
"323","Django2","american_staffordshire_terrier",89,"f","unneutered","24/06/2015","01/12/2022",20,2,"pointing","r","0","l","r",1,2,"mobileET_ostension_django_s2_yarbus_new","pb"
"324","Django2","american_staffordshire_terrier",89,"f","unneutered","24/06/2015","01/12/2022",21,2,"pointing","l","1","l","r",1,2,"mobileET_ostension_django_s2_yarbus_new","pb"
"325","Django2","american_staffordshire_terrier",89,"f","unneutered","24/06/2015","01/12/2022",22,2,"pointing","r","0","l","l",1,2,"mobileET_ostension_django_s2_yarbus_new","pb"
"326","Django2","american_staffordshire_terrier",89,"f","unneutered","24/06/2015","01/12/2022",23,2,"control","l","1","l","l",1,2,"mobileET_ostension_django_s2_yarbus_new","pb"
"327","Django2","american_staffordshire_terrier",89,"f","unneutered","24/06/2015","01/12/2022",24,2,"gazing","r","1","r","l",1,2,"mobileET_ostension_django_s2_yarbus_new","pb"
"328","Django2","american_staffordshire_terrier",89,"f","unneutered","24/06/2015","01/12/2022",25,2,"gazing","r","0","l","r",1,2,"mobileET_ostension_django_s2_yarbus_new","pb"
"329","Django2","american_staffordshire_terrier",89,"f","unneutered","24/06/2015","01/12/2022",26,2,"gazing","l","1","l","r",1,2,"mobileET_ostension_django_s2_yarbus_new","pb"
"330","Django2","american_staffordshire_terrier",89,"f","unneutered","24/06/2015","01/12/2022",27,2,"gazing","l","1","l","l",1,2,"mobileET_ostension_django_s2_yarbus_new","pb"
"331","Django2","american_staffordshire_terrier",89,"f","unneutered","24/06/2015","01/12/2022",28,2,"control","r","0","l","r",1,2,"mobileET_ostension_django_s2_yarbus_new","pb"
"332","Django2","american_staffordshire_terrier",89,"f","unneutered","24/06/2015","01/12/2022",29,2,"gazing","r","1","r","l",1,2,"mobileET_ostension_django_s2_yarbus_new","pb"
"333","Django2","american_staffordshire_terrier",89,"f","unneutered","24/06/2015","01/12/2022",30,2,"gazing","l","1","l","l",1,2,"mobileET_ostension_django_s2_yarbus_new","pb"
"334","Pisco","parson_jack_russel_terrier",16,"m","unneutered","16/07/2021","01/12/2022",1,1,"throwing","l","1","l","l",1,1,"mobileET_ostension_pisco_s1_yarbus","pb"
"335","Pisco","parson_jack_russel_terrier",16,"m","unneutered","16/07/2021","01/12/2022",2,1,"throwing","r","1","r","l",1,1,"mobileET_ostension_pisco_s1_yarbus","pb"
"336","Pisco","parson_jack_russel_terrier",16,"m","unneutered","16/07/2021","01/12/2022",3,1,"control","l","1","l","l",1,1,"mobileET_ostension_pisco_s1_yarbus","pb"
"337","Pisco","parson_jack_russel_terrier",16,"m","unneutered","16/07/2021","01/12/2022",4,1,"throwing","r","1","r","l",1,1,"mobileET_ostension_pisco_s1_yarbus","pb"
"338","Pisco","parson_jack_russel_terrier",16,"m","unneutered","16/07/2021","01/12/2022",5,1,"throwing","l","0","r","l",1,1,"mobileET_ostension_pisco_s1_yarbus","pb"
"339","Pisco","parson_jack_russel_terrier",16,"m","unneutered","16/07/2021","01/12/2022",6,1,"throwing","r","1","r","l",1,1,"mobileET_ostension_pisco_s1_yarbus","pb"
"340","Pisco","parson_jack_russel_terrier",16,"m","unneutered","16/07/2021","01/12/2022",7,1,"throwing","l","0","r","l",1,1,"mobileET_ostension_pisco_s1_yarbus","pb"
"341","Pisco","parson_jack_russel_terrier",16,"m","unneutered","16/07/2021","01/12/2022",8,1,"control","r","1","r","r",1,1,"mobileET_ostension_pisco_s1_yarbus","pb"
"342","Pisco","parson_jack_russel_terrier",16,"m","unneutered","16/07/2021","01/12/2022",9,1,"pointing","l","1","l","r",1,1,"mobileET_ostension_pisco_s1_yarbus","pb"
"343","Pisco","parson_jack_russel_terrier",16,"m","unneutered","16/07/2021","01/12/2022",10,1,"pointing","r","1","r","r",1,1,"mobileET_ostension_pisco_s1_yarbus","pb"
"344","Pisco","parson_jack_russel_terrier",16,"m","unneutered","16/07/2021","01/12/2022",11,1,"pointing","l","1","l","r",1,1,"mobileET_ostension_pisco_s1_yarbus","pb"
"345","Pisco","parson_jack_russel_terrier",16,"m","unneutered","16/07/2021","01/12/2022",12,1,"pointing","r","1","r","r",1,1,"mobileET_ostension_pisco_s1_yarbus","pb"
"346","Pisco","parson_jack_russel_terrier",16,"m","unneutered","16/07/2021","01/12/2022",13,1,"control","l","1","l","r",1,1,"mobileET_ostension_pisco_s1_yarbus","pb"
"347","Pisco","parson_jack_russel_terrier",16,"m","unneutered","16/07/2021","01/12/2022",14,1,"pointing","r","1","r","r",1,1,"mobileET_ostension_pisco_s1_yarbus","pb"
"348","Pisco","parson_jack_russel_terrier",16,"m","unneutered","16/07/2021","01/12/2022",15,1,"pointing","l","1","l","r",1,1,"mobileET_ostension_pisco_s1_yarbus","pb"
"349","Pisco","parson_jack_russel_terrier",16,"m","unneutered","16/07/2021","07/12/2022",16,2,"gazing","r","1","r","r",1,2,"mobileET_ostension_pisco_s2_yarbus","pb"
"350","Pisco","parson_jack_russel_terrier",16,"m","unneutered","16/07/2021","07/12/2022",17,2,"gazing","l","0","r","r",1,2,"mobileET_ostension_pisco_s2_yarbus","pb"
"351","Pisco","parson_jack_russel_terrier",16,"m","unneutered","16/07/2021","07/12/2022",18,2,"gazing","r","1","r","r",1,2,"mobileET_ostension_pisco_s2_yarbus","pb"
"352","Pisco","parson_jack_russel_terrier",16,"m","unneutered","16/07/2021","07/12/2022",19,2,"gazing","l","0","r","r",1,2,"mobileET_ostension_pisco_s2_yarbus","pb"
"353","Pisco","parson_jack_russel_terrier",16,"m","unneutered","16/07/2021","07/12/2022",20,2,"control","r","1","r","r",1,2,"mobileET_ostension_pisco_s2_yarbus","pb"
"354","Pisco","parson_jack_russel_terrier",16,"m","unneutered","16/07/2021","07/12/2022",21,2,"gazing","l","0","r","r",1,2,"mobileET_ostension_pisco_s2_yarbus","pb"
"355","Pisco","parson_jack_russel_terrier",16,"m","unneutered","16/07/2021","07/12/2022",22,2,"gazing","r","1","r","r",1,2,"mobileET_ostension_pisco_s2_yarbus","pb"
"356","Pisco","parson_jack_russel_terrier",16,"m","unneutered","16/07/2021","07/12/2022",23,2,"control","l","1","l","r",1,2,"mobileET_ostension_pisco_s2_yarbus","pb"
"357","Pisco","parson_jack_russel_terrier",16,"m","unneutered","16/07/2021","07/12/2022",24,2,"p+g","r","1","r","r",1,2,"mobileET_ostension_pisco_s2_yarbus","pb"
"358","Pisco","parson_jack_russel_terrier",16,"m","unneutered","16/07/2021","07/12/2022",25,2,"p+g","r","1","r","r",1,2,"mobileET_ostension_pisco_s2_yarbus","pb"
"359","Pisco","parson_jack_russel_terrier",16,"m","unneutered","16/07/2021","07/12/2022",26,2,"p+g","l","1","l","r",1,2,"mobileET_ostension_pisco_s2_yarbus","pb"
"360","Pisco","parson_jack_russel_terrier",16,"m","unneutered","16/07/2021","07/12/2022",27,2,"p+g","l","1","l","r",1,2,"mobileET_ostension_pisco_s2_yarbus","pb"
"361","Pisco","parson_jack_russel_terrier",16,"m","unneutered","16/07/2021","07/12/2022",28,2,"control","r","0","l","r",1,2,"mobileET_ostension_pisco_s2_yarbus","pb"
"362","Pisco","parson_jack_russel_terrier",16,"m","unneutered","16/07/2021","07/12/2022",29,2,"p+g","r","1","r","r",1,2,"mobileET_ostension_pisco_s2_yarbus","pb"
"363","Pisco","parson_jack_russel_terrier",16,"m","unneutered","16/07/2021","07/12/2022",30,2,"p+g","l","1","l","r",1,2,"mobileET_ostension_pisco_s2_yarbus","pb"
"364","Edgar3","mix",18,"m","neutered","21/05/2021","13/12/2022",1,1,"gazing","l","1","l","r",1,1,"mobileET_ostension_edgar_s1_yarbus","pb"
"365","Edgar3","mix",18,"m","neutered","21/05/2021","13/12/2022",2,1,"gazing","r","0","l","r",1,1,"mobileET_ostension_edgar_s1_yarbus","pb"
"366","Edgar3","mix",18,"m","neutered","21/05/2021","13/12/2022",3,1,"control","l","0","r","r",1,1,"mobileET_ostension_edgar_s1_yarbus","pb"
"367","Edgar3","mix",18,"m","neutered","21/05/2021","13/12/2022",4,1,"gazing","r","1","r","r",1,1,"mobileET_ostension_edgar_s1_yarbus","pb"
"368","Edgar3","mix",18,"m","neutered","21/05/2021","13/12/2022",5,1,"gazing","l","0","r","r",1,1,"mobileET_ostension_edgar_s1_yarbus","pb"
"369","Edgar3","mix",18,"m","neutered","21/05/2021","13/12/2022",6,1,"gazing","r","1","r","r",1,1,"mobileET_ostension_edgar_s1_yarbus","pb"
"370","Edgar3","mix",18,"m","neutered","21/05/2021","13/12/2022",7,1,"gazing","l","0","r","r",1,1,"mobileET_ostension_edgar_s1_yarbus","pb"
"371","Edgar3","mix",18,"m","neutered","21/05/2021","13/12/2022",8,1,"control","r","0","l","r",1,1,"mobileET_ostension_edgar_s1_yarbus","pb"
"372","Edgar3","mix",18,"m","neutered","21/05/2021","13/12/2022",9,1,"throwing","l","0","r","r",1,1,"mobileET_ostension_edgar_s1_yarbus","pb"
"373","Edgar3","mix",18,"m","neutered","21/05/2021","13/12/2022",10,1,"throwing","r","0","r","r",1,1,"mobileET_ostension_edgar_s1_yarbus","pb"
"374","Edgar3","mix",18,"m","neutered","21/05/2021","13/12/2022",11,1,"throwing","l","0","r","r",1,1,"mobileET_ostension_edgar_s1_yarbus","pb"
"375","Edgar3","mix",18,"m","neutered","21/05/2021","13/12/2022",12,1,"throwing","r","1","r","r",1,1,"mobileET_ostension_edgar_s1_yarbus","pb"
"376","Edgar3","mix",18,"m","neutered","21/05/2021","13/12/2022",13,1,"control","l","0","r","r",1,1,"mobileET_ostension_edgar_s1_yarbus","pb"
"377","Edgar3","mix",18,"m","neutered","21/05/2021","13/12/2022",14,1,"throwing","r","1","r","r",1,1,"mobileET_ostension_edgar_s1_yarbus","pb"
"378","Edgar3","mix",18,"m","neutered","21/05/2021","13/12/2022",15,1,"throwing","l","0","r","r",1,1,"mobileET_ostension_edgar_s1_yarbus","pb"
"379","Edgar3","mix",20,"m","neutered","21/05/2021","30/01/2023",16,3,"p+g","r","1","r","r",1,2,"mobileET_ostension_edgar_s3_yarbus","pb"
"380","Edgar3","mix",20,"m","neutered","21/05/2021","30/01/2023",17,3,"p+g","l","1","l","r",1,2,"mobileET_ostension_edgar_s3_yarbus","pb"
"381","Edgar3","mix",20,"m","neutered","21/05/2021","30/01/2023",18,3,"control","r","0","l","r",1,2,"mobileET_ostension_edgar_s3_yarbus","pb"
"382","Edgar3","mix",20,"m","neutered","21/05/2021","30/01/2023",19,3,"p+g","l","1","l","r",1,2,"mobileET_ostension_edgar_s3_yarbus","pb"
"383","Edgar3","mix",20,"m","neutered","21/05/2021","30/01/2023",20,3,"p+g","r","1","r","r",1,2,"mobileET_ostension_edgar_s3_yarbus","pb"
"384","Edgar3","mix",20,"m","neutered","21/05/2021","30/01/2023",21,3,"p+g","l","1","l","r",1,2,"mobileET_ostension_edgar_s3_yarbus","pb"
"385","Edgar3","mix",20,"m","neutered","21/05/2021","30/01/2023",22,3,"p+g","r","1","r","r",1,2,"mobileET_ostension_edgar_s3_yarbus","pb"
"386","Edgar3","mix",20,"m","neutered","21/05/2021","30/01/2023",23,3,"control","l","1","l","r",1,2,"mobileET_ostension_edgar_s3_yarbus","pb"
"387","Edgar3","mix",20,"m","neutered","21/05/2021","30/01/2023",24,3,"pointing","r","0","l","r",1,2,"mobileET_ostension_edgar_s3_yarbus","pb"
"388","Edgar3","mix",20,"m","neutered","21/05/2021","30/01/2023",25,3,"pointing","r","1","r","r",1,2,"mobileET_ostension_edgar_s3_yarbus","pb"
"389","Edgar3","mix",20,"m","neutered","21/05/2021","30/01/2023",26,3,"pointing","l","1","l","r",1,2,"mobileET_ostension_edgar_s3_yarbus","pb"
"390","Edgar3","mix",20,"m","neutered","21/05/2021","30/01/2023",27,3,"pointing","l","0","r","r",1,2,"mobileET_ostension_edgar_s3_yarbus","pb"
"391","Edgar3","mix",20,"m","neutered","21/05/2021","30/01/2023",28,3,"control","r","na","na","r",1,2,"mobileET_ostension_edgar_s3_yarbus","pb"
"392","Edgar3","mix",20,"m","neutered","21/05/2021","30/01/2023",29,3,"pointing","r","1","r","r",1,2,"mobileET_ostension_edgar_s3_yarbus","pb"
"393","Edgar3","mix",20,"m","neutered","21/05/2021","30/01/2023",30,3,"pointing","l","1","l","r",1,2,"mobileET_ostension_edgar_s3_yarbus","pb"
"394","Timo2","mix_siberian_husky",46,"m","unneutered","02/01/2019","25/11/2022",1,1,"pointing","r","1","r","l",1,1,"mobileET_ostension_timo_s1_yarbus","pb"
"395","Timo2","mix_siberian_husky",46,"m","unneutered","02/01/2019","25/11/2022",2,1,"pointing","l","0","r","l",1,1,"mobileET_ostension_timo_s1_yarbus","pb"
"396","Timo2","mix_siberian_husky",46,"m","unneutered","02/01/2019","25/11/2022",3,1,"control","r","1","r","l",1,1,"mobileET_ostension_timo_s1_yarbus","pb"
"397","Timo2","mix_siberian_husky",46,"m","unneutered","02/01/2019","25/11/2022",4,1,"pointing","l","0","r","r",1,1,"mobileET_ostension_timo_s1_yarbus","pb"
"398","Timo2","mix_siberian_husky",46,"m","unneutered","02/01/2019","25/11/2022",5,1,"pointing","r","1","r","r",1,1,"mobileET_ostension_timo_s1_yarbus","pb"
"399","Timo2","mix_siberian_husky",46,"m","unneutered","02/01/2019","25/11/2022",6,1,"pointing","l","0","r","r",1,1,"mobileET_ostension_timo_s1_yarbus","pb"
"400","Timo2","mix_siberian_husky",46,"m","unneutered","02/01/2019","25/11/2022",7,1,"pointing","r","1","r","r",1,1,"mobileET_ostension_timo_s1_yarbus","pb"
"401","Timo2","mix_siberian_husky",46,"m","unneutered","02/01/2019","25/11/2022",8,1,"control","l","0","r","r",1,1,"mobileET_ostension_timo_s1_yarbus","pb"
"402","Timo2","mix_siberian_husky",46,"m","unneutered","02/01/2019","25/11/2022",9,1,"gazing","l","1","l","r",1,1,"mobileET_ostension_timo_s1_yarbus","pb"
"403","Timo2","mix_siberian_husky",46,"m","unneutered","02/01/2019","25/11/2022",10,1,"gazing","r","1","r","r",1,1,"mobileET_ostension_timo_s1_yarbus","pb"
"404","Timo2","mix_siberian_husky",46,"m","unneutered","02/01/2019","25/11/2022",11,1,"gazing","l","0","r","r",1,1,"mobileET_ostension_timo_s1_yarbus","pb"
"405","Timo2","mix_siberian_husky",46,"m","unneutered","02/01/2019","25/11/2022",12,1,"gazing","r","1","r","l",1,1,"mobileET_ostension_timo_s1_yarbus","pb"
"406","Timo2","mix_siberian_husky",46,"m","unneutered","02/01/2019","25/11/2022",13,1,"control","l","0","r","r",1,1,"mobileET_ostension_timo_s1_yarbus","pb"
"407","Timo2","mix_siberian_husky",46,"m","unneutered","02/01/2019","25/11/2022",14,1,"gazing","r","1","r","r",1,1,"mobileET_ostension_timo_s1_yarbus","pb"
"408","Timo2","mix_siberian_husky",46,"m","unneutered","02/01/2019","25/11/2022",15,1,"gazing","r","1","r","l",1,1,"mobileET_ostension_timo_s1_yarbus","pb"
"409","Timo2","mix_siberian_husky",47,"m","unneutered","02/01/2019","02/12/2022",16,2,"p+g","l","0","r","l",1,2,"mobileET_ostension_timo_s2_yarbus","pb"
"410","Timo2","mix_siberian_husky",47,"m","unneutered","02/01/2019","02/12/2022",17,2,"p+g","r","1","r","l",1,2,"mobileET_ostension_timo_s2_yarbus","pb"
"411","Timo2","mix_siberian_husky",47,"m","unneutered","02/01/2019","02/12/2022",18,2,"control","l","1","l","l",1,2,"mobileET_ostension_timo_s2_yarbus","pb"
"412","Timo2","mix_siberian_husky",47,"m","unneutered","02/01/2019","02/12/2022",19,2,"p+g","l","1","l","l",1,2,"mobileET_ostension_timo_s2_yarbus","pb"
"413","Timo2","mix_siberian_husky",47,"m","unneutered","02/01/2019","02/12/2022",20,2,"p+g","r","0","l","l",1,2,"mobileET_ostension_timo_s2_yarbus","pb"
"414","Timo2","mix_siberian_husky",47,"m","unneutered","02/01/2019","02/12/2022",21,2,"p+g","l","1","l","l",1,2,"mobileET_ostension_timo_s2_yarbus","pb"
"415","Timo2","mix_siberian_husky",47,"m","unneutered","02/01/2019","02/12/2022",22,2,"p+g","r","1","r","l",1,2,"mobileET_ostension_timo_s2_yarbus","pb"
"416","Timo2","mix_siberian_husky",47,"m","unneutered","02/01/2019","02/12/2022",23,2,"control","l","1","l","r",1,2,"mobileET_ostension_timo_s2_yarbus","pb"
"417","Timo2","mix_siberian_husky",47,"m","unneutered","02/01/2019","02/12/2022",24,2,"throwing","r","1","r","l",1,2,"mobileET_ostension_timo_s2_yarbus","pb"
"418","Timo2","mix_siberian_husky",47,"m","unneutered","02/01/2019","02/12/2022",25,2,"throwing","r","1","r","r",1,2,"mobileET_ostension_timo_s2_yarbus","pb"
"419","Timo2","mix_siberian_husky",47,"m","unneutered","02/01/2019","02/12/2022",26,2,"throwing","l","0","r","l",1,2,"mobileET_ostension_timo_s2_yarbus","pb"
"420","Timo2","mix_siberian_husky",47,"m","unneutered","02/01/2019","02/12/2022",27,2,"throwing","r","0","l","r",1,2,"mobileET_ostension_timo_s2_yarbus","pb"
"421","Timo2","mix_siberian_husky",47,"m","unneutered","02/01/2019","02/12/2022",28,2,"control","l","0","r","r",1,2,"mobileET_ostension_timo_s2_yarbus","pb"
"422","Timo2","mix_siberian_husky",47,"m","unneutered","02/01/2019","02/12/2022",29,2,"throwing","r","1","r","l",1,2,"mobileET_ostension_timo_s2_yarbus","pb"
"423","Timo2","mix_siberian_husky",47,"m","unneutered","02/01/2019","02/12/2022",30,2,"throwing","l","0","r","r",1,2,"mobileET_ostension_timo_s2_yarbus","pb"
"424","Mailo","mix",86,"m","neutered","07/09/2015","25/11/2022",1,1,"pointing","l","1","l","l",1,1,"mobileET_ostension_mailo_s1_yarbus","pb"
"425","Mailo","mix",86,"m","neutered","07/09/2015","25/11/2022",2,1,"pointing","r","0","l","l",1,1,"mobileET_ostension_mailo_s1_yarbus","pb"
"426","Mailo","mix",86,"m","neutered","07/09/2015","25/11/2022",3,1,"control","l","1","l","r",1,1,"mobileET_ostension_mailo_s1_yarbus","pb"
"427","Mailo","mix",86,"m","neutered","07/09/2015","25/11/2022",4,1,"pointing","r","0","l","l",1,1,"mobileET_ostension_mailo_s1_yarbus","pb"
"428","Mailo","mix",86,"m","neutered","07/09/2015","25/11/2022",5,1,"pointing","r","0","l","l",1,1,"mobileET_ostension_mailo_s1_yarbus","pb"
"429","Mailo","mix",86,"m","neutered","07/09/2015","25/11/2022",6,1,"pointing","l","1","l","r",1,1,"mobileET_ostension_mailo_s1_yarbus","pb"
"430","Mailo","mix",86,"m","neutered","07/09/2015","25/11/2022",7,1,"pointing","l","1","l","l",1,1,"mobileET_ostension_mailo_s1_yarbus","pb"
"431","Mailo","mix",86,"m","neutered","07/09/2015","25/11/2022",8,1,"control","r","0","l","r",1,1,"mobileET_ostension_mailo_s1_yarbus","pb"
"432","Mailo","mix",86,"m","neutered","07/09/2015","25/11/2022",9,1,"gazing","r","0","l","l",1,1,"mobileET_ostension_mailo_s1_yarbus","pb"
"433","Mailo","mix",86,"m","neutered","07/09/2015","25/11/2022",10,1,"gazing","l","1","l","r",1,1,"mobileET_ostension_mailo_s1_yarbus","pb"
"434","Mailo","mix",86,"m","neutered","07/09/2015","25/11/2022",11,1,"gazing","r","0","l","l",1,1,"mobileET_ostension_mailo_s1_yarbus","pb"
"435","Mailo","mix",86,"m","neutered","07/09/2015","25/11/2022",12,1,"gazing","l","1","l","r",1,1,"mobileET_ostension_mailo_s1_yarbus","pb"
"436","Mailo","mix",86,"m","neutered","07/09/2015","25/11/2022",13,1,"control","r","0","l","l",1,1,"mobileET_ostension_mailo_s1_yarbus","pb"
"437","Mailo","mix",86,"m","neutered","07/09/2015","25/11/2022",14,1,"gazing","l","1","l","l",1,1,"mobileET_ostension_mailo_s1_yarbus","pb"
"438","Mailo","mix",86,"m","neutered","07/09/2015","25/11/2022",15,1,"gazing","l","1","l","r",1,1,"mobileET_ostension_mailo_s1_yarbus","pb"
"439","Mailo","mix",86,"m","neutered","07/09/2015","02/12/2022",16,2,"p+g","r","0","l","r",1,2,"mobileET_ostension_mailo_s2_yarbus","pb"
"440","Mailo","mix",86,"m","neutered","07/09/2015","02/12/2022",17,2,"p+g","r","0","l","r",1,2,"mobileET_ostension_mailo_s2_yarbus","pb"
"441","Mailo","mix",86,"m","neutered","07/09/2015","02/12/2022",18,2,"control","l","1","l","r",1,2,"mobileET_ostension_mailo_s2_yarbus","pb"
"442","Mailo","mix",86,"m","neutered","07/09/2015","02/12/2022",19,2,"p+g","l","1","l","r",1,2,"mobileET_ostension_mailo_s2_yarbus","pb"
"443","Mailo","mix",86,"m","neutered","07/09/2015","02/12/2022",20,2,"p+g","r","0","l","l",1,2,"mobileET_ostension_mailo_s2_yarbus","pb"
"444","Mailo","mix",86,"m","neutered","07/09/2015","02/12/2022",21,2,"p+g","r","0","l","l",1,2,"mobileET_ostension_mailo_s2_yarbus","pb"
"445","Mailo","mix",86,"m","neutered","07/09/2015","02/12/2022",22,2,"p+g","l","1","l","l",1,2,"mobileET_ostension_mailo_s2_yarbus","pb"
"446","Mailo","mix",86,"m","neutered","07/09/2015","02/12/2022",23,2,"control","r","0","l","l",1,2,"mobileET_ostension_mailo_s2_yarbus","pb"
"447","Mailo","mix",86,"m","neutered","07/09/2015","02/12/2022",24,2,"throwing","l","1","l","r",1,2,"mobileET_ostension_mailo_s2_yarbus","pb"
"448","Mailo","mix",86,"m","neutered","07/09/2015","02/12/2022",25,2,"throwing","l","1","l","l",1,2,"mobileET_ostension_mailo_s2_yarbus","pb"
"449","Mailo","mix",86,"m","neutered","07/09/2015","02/12/2022",26,2,"throwing","r","0","l","r",1,2,"mobileET_ostension_mailo_s2_yarbus","pb"
"450","Mailo","mix",86,"m","neutered","07/09/2015","02/12/2022",27,2,"throwing","l","1","l","l",1,2,"mobileET_ostension_mailo_s2_yarbus","pb"
"451","Mailo","mix",86,"m","neutered","07/09/2015","02/12/2022",28,2,"control","r","0","l","r",1,2,"mobileET_ostension_mailo_s2_yarbus","pb"
"452","Mailo","mix",86,"m","neutered","07/09/2015","02/12/2022",29,2,"throwing","l","1","l","r",1,2,"mobileET_ostension_mailo_s2_yarbus","pb"
"453","Mailo","mix",86,"m","neutered","07/09/2015","02/12/2022",30,2,"throwing","r","0","l","r",1,2,"mobileET_ostension_mailo_s2_yarbus","pb"
"454","Ravenna","american_staffordshire_terrier",66,"f","unneutered","29/04/2017","21/11/2022",1,1,"pointing","r","1","r","l",1,1,"mobileET_ostension_ravenna_s1_yarbus","pb"
"455","Ravenna","american_staffordshire_terrier",66,"f","unneutered","29/04/2017","21/11/2022",2,1,"pointing","l","0","r","l",1,1,"mobileET_ostension_ravenna_s1_yarbus","pb"
"456","Ravenna","american_staffordshire_terrier",66,"f","unneutered","29/04/2017","21/11/2022",3,1,"control","l","0","r","l",1,1,"mobileET_ostension_ravenna_s1_yarbus","pb"
"457","Ravenna","american_staffordshire_terrier",66,"f","unneutered","29/04/2017","21/11/2022",4,1,"pointing","r","1","r","l",1,1,"mobileET_ostension_ravenna_s1_yarbus","pb"
"458","Ravenna","american_staffordshire_terrier",66,"f","unneutered","29/04/2017","21/11/2022",5,1,"pointing","r","1","r","r",1,1,"mobileET_ostension_ravenna_s1_yarbus","pb"
"459","Ravenna","american_staffordshire_terrier",66,"f","unneutered","29/04/2017","21/11/2022",6,1,"pointing","l","0","r","l",1,1,"mobileET_ostension_ravenna_s1_yarbus","pb"
"460","Ravenna","american_staffordshire_terrier",66,"f","unneutered","29/04/2017","21/11/2022",7,1,"pointing","r","1","r","r",1,1,"mobileET_ostension_ravenna_s1_yarbus","pb"
"461","Ravenna","american_staffordshire_terrier",66,"f","unneutered","29/04/2017","21/11/2022",8,1,"control","l","0","r","l",1,1,"mobileET_ostension_ravenna_s1_yarbus","pb"
"462","Ravenna","american_staffordshire_terrier",66,"f","unneutered","29/04/2017","21/11/2022",9,1,"gazing","r","1","r","l",1,1,"mobileET_ostension_ravenna_s1_yarbus","pb"
"463","Ravenna","american_staffordshire_terrier",66,"f","unneutered","29/04/2017","21/11/2022",10,1,"gazing","l","0","r","r",1,1,"mobileET_ostension_ravenna_s1_yarbus","pb"
"464","Ravenna","american_staffordshire_terrier",66,"f","unneutered","29/04/2017","21/11/2022",11,1,"gazing","l","0","r","r",1,1,"mobileET_ostension_ravenna_s1_yarbus","pb"
"465","Ravenna","american_staffordshire_terrier",66,"f","unneutered","29/04/2017","21/11/2022",12,1,"gazing","r","1","r","r",1,1,"mobileET_ostension_ravenna_s1_yarbus","pb"
"466","Ravenna","american_staffordshire_terrier",66,"f","unneutered","29/04/2017","21/11/2022",13,1,"control","l","0","r","l",1,1,"mobileET_ostension_ravenna_s1_yarbus","pb"
"467","Ravenna","american_staffordshire_terrier",66,"f","unneutered","29/04/2017","21/11/2022",14,1,"gazing","r","1","r","r",1,1,"mobileET_ostension_ravenna_s1_yarbus","pb"
"468","Ravenna","american_staffordshire_terrier",66,"f","unneutered","29/04/2017","21/11/2022",15,1,"gazing","r","1","r","l",1,1,"mobileET_ostension_ravenna_s1_yarbus","pb"
"469","Ravenna","american_staffordshire_terrier",67,"f","unneutered","29/04/2017","01/12/2022",16,2,"p+g","l","0","r","r",1,2,"mobileET_ostension_ravenna_s2_yarbus","pb"
"470","Ravenna","american_staffordshire_terrier",67,"f","unneutered","29/04/2017","01/12/2022",17,2,"p+g","l","0","r","r",1,2,"mobileET_ostension_ravenna_s2_yarbus","pb"
"471","Ravenna","american_staffordshire_terrier",67,"f","unneutered","29/04/2017","01/12/2022",18,2,"control","r","0","l","r",1,2,"mobileET_ostension_ravenna_s2_yarbus","pb"
"472","Ravenna","american_staffordshire_terrier",67,"f","unneutered","29/04/2017","01/12/2022",19,2,"p+g","r","1","r","r",1,2,"mobileET_ostension_ravenna_s2_yarbus","pb"
"473","Ravenna","american_staffordshire_terrier",67,"f","unneutered","29/04/2017","01/12/2022",20,2,"p+g","l","0","r","l",1,2,"mobileET_ostension_ravenna_s2_yarbus","pb"
"474","Ravenna","american_staffordshire_terrier",67,"f","unneutered","29/04/2017","01/12/2022",21,2,"p+g","l","0","r","l",1,2,"mobileET_ostension_ravenna_s2_yarbus","pb"
"475","Ravenna","american_staffordshire_terrier",67,"f","unneutered","29/04/2017","01/12/2022",22,2,"p+g","r","1","r","l",1,2,"mobileET_ostension_ravenna_s2_yarbus","pb"
"476","Ravenna","american_staffordshire_terrier",67,"f","unneutered","29/04/2017","01/12/2022",23,2,"control","l","0","r","r",1,2,"mobileET_ostension_ravenna_s2_yarbus","pb"
"477","Ravenna","american_staffordshire_terrier",67,"f","unneutered","29/04/2017","01/12/2022",24,2,"throwing","r","1","r","r",1,2,"mobileET_ostension_ravenna_s2_yarbus","pb"
"478","Ravenna","american_staffordshire_terrier",67,"f","unneutered","29/04/2017","01/12/2022",25,2,"throwing","l","0","r","l",1,2,"mobileET_ostension_ravenna_s2_yarbus","pb"
"479","Ravenna","american_staffordshire_terrier",67,"f","unneutered","29/04/2017","01/12/2022",26,2,"throwing","r","1","r","r",1,2,"mobileET_ostension_ravenna_s2_yarbus","pb"
"480","Ravenna","american_staffordshire_terrier",67,"f","unneutered","29/04/2017","01/12/2022",27,2,"throwing","r","1","r","l",1,2,"mobileET_ostension_ravenna_s2_yarbus","pb"
"481","Ravenna","american_staffordshire_terrier",67,"f","unneutered","29/04/2017","01/12/2022",28,2,"control","l","0","r","r",1,2,"mobileET_ostension_ravenna_s2_yarbus","pb"
"482","Ravenna","american_staffordshire_terrier",67,"f","unneutered","29/04/2017","01/12/2022",29,2,"throwing","r","1","r","l",1,2,"mobileET_ostension_ravenna_s2_yarbus","pb"
"483","Ravenna","american_staffordshire_terrier",67,"f","unneutered","29/04/2017","01/12/2022",30,2,"throwing","l","0","r","l",1,2,"mobileET_ostension_ravenna_s2_yarbus","pb"
"484","Lumi","mix",41,"f","neutered","14/05/2019","25/10/2022",1,1,"throwing","r","1","r","l",1,1,"mobileET_ostension_Lumi_s1_yarbus","pb"
"485","Lumi","mix",41,"f","neutered","14/05/2019","25/10/2022",2,1,"throwing","l","0","r","l",1,1,"mobileET_ostension_Lumi_s1_yarbus","pb"
"486","Lumi","mix",41,"f","neutered","14/05/2019","25/10/2022",3,1,"control","l","0","r","l",1,1,"mobileET_ostension_Lumi_s1_yarbus","pb"
"487","Lumi","mix",41,"f","neutered","14/05/2019","25/10/2022",4,1,"throwing","r","1","r","l",1,1,"mobileET_ostension_Lumi_s1_yarbus","pb"
"488","Lumi","mix",41,"f","neutered","14/05/2019","25/10/2022",5,1,"throwing","r","1","r","l",1,1,"mobileET_ostension_Lumi_s1_yarbus","pb"
"489","Lumi","mix",41,"f","neutered","14/05/2019","25/10/2022",6,1,"throwing","l","0","r","l",1,1,"mobileET_ostension_Lumi_s1_yarbus","pb"
"490","Lumi","mix",41,"f","neutered","14/05/2019","25/10/2022",7,1,"throwing","l","0","r","l",1,1,"mobileET_ostension_Lumi_s1_yarbus","pb"
"491","Lumi","mix",41,"f","neutered","14/05/2019","25/10/2022",8,1,"control","r","0","l","l",1,1,"mobileET_ostension_Lumi_s1_yarbus","pb"
"492","Lumi","mix",41,"f","neutered","14/05/2019","25/10/2022",9,1,"p+g","r","1","r","l",1,1,"mobileET_ostension_Lumi_s1_yarbus","pb"
"493","Lumi","mix",41,"f","neutered","14/05/2019","25/10/2022",10,1,"p+g","l","1","l","l",1,1,"mobileET_ostension_Lumi_s1_yarbus","pb"
"494","Lumi","mix",41,"f","neutered","14/05/2019","25/10/2022",11,1,"p+g","r","1","r","l",1,1,"mobileET_ostension_Lumi_s1_yarbus","pb"
"495","Lumi","mix",41,"f","neutered","14/05/2019","25/10/2022",12,1,"p+g","l","1","l","l",1,1,"mobileET_ostension_Lumi_s1_yarbus","pb"
"496","Lumi","mix",41,"f","neutered","14/05/2019","25/10/2022",13,1,"control","l","0","r","l",1,1,"mobileET_ostension_Lumi_s1_yarbus","pb"
"497","Lumi","mix",41,"f","neutered","14/05/2019","25/10/2022",14,1,"p+g","r","1","r","l",1,1,"mobileET_ostension_Lumi_s1_yarbus","pb"
"498","Lumi","mix",41,"f","neutered","14/05/2019","25/10/2022",15,1,"p+g","l","1","l","l",1,1,"mobileET_ostension_Lumi_s1_yarbus","pb"
"499","Lumi","mix",42,"f","neutered","14/05/2019","18/11/2022",16,3,"pointing","r","0","l","r",1,2,"mobileET_ostension_Lumi_s3_yarbus","pb"
"500","Lumi","mix",42,"f","neutered","14/05/2019","18/11/2022",17,3,"pointing","r","1","r","l",1,2,"mobileET_ostension_Lumi_s3_yarbus","pb"
"501","Lumi","mix",42,"f","neutered","14/05/2019","18/11/2022",18,3,"control","l","1","l","l",1,2,"mobileET_ostension_Lumi_s3_yarbus","pb"
"502","Lumi","mix",42,"f","neutered","14/05/2019","18/11/2022",19,3,"pointing","r","1","r","l",1,2,"mobileET_ostension_Lumi_s3_yarbus","pb"
"503","Lumi","mix",42,"f","neutered","14/05/2019","18/11/2022",20,3,"pointing","l","1","l","l",1,2,"mobileET_ostension_Lumi_s3_yarbus","pb"
"504","Lumi","mix",42,"f","neutered","14/05/2019","18/11/2022",21,3,"pointing","l","1","l","l",1,2,"mobileET_ostension_Lumi_s3_yarbus","pb"
"505","Lumi","mix",42,"f","neutered","14/05/2019","18/11/2022",22,3,"pointing","r","1","r","l",1,2,"mobileET_ostension_Lumi_s3_yarbus","pb"
"506","Lumi","mix",42,"f","neutered","14/05/2019","18/11/2022",23,3,"control","l","1","l","l",1,2,"mobileET_ostension_Lumi_s3_yarbus","pb"
"507","Lumi","mix",42,"f","neutered","14/05/2019","18/11/2022",24,3,"gazing","r","1","r","l",1,2,"mobileET_ostension_Lumi_s3_yarbus","pb"
"508","Lumi","mix",42,"f","neutered","14/05/2019","18/11/2022",25,3,"gazing","r","0","l","l",1,2,"mobileET_ostension_Lumi_s3_yarbus","pb"
"509","Lumi","mix",42,"f","neutered","14/05/2019","18/11/2022",26,3,"gazing","l","0","r","l",1,2,"mobileET_ostension_Lumi_s3_yarbus","pb"
"510","Lumi","mix",42,"f","neutered","14/05/2019","18/11/2022",27,3,"gazing","r","0","l","l",1,2,"mobileET_ostension_Lumi_s3_yarbus","pb"
"511","Lumi","mix",42,"f","neutered","14/05/2019","18/11/2022",28,3,"control","l","0","r","l",1,2,"mobileET_ostension_Lumi_s3_yarbus","pb"
"512","Lumi","mix",42,"f","neutered","14/05/2019","18/11/2022",29,3,"gazing","l","na","l","l",1,2,"mobileET_ostension_Lumi_s3_yarbus","pb"
"513","Lumi","mix",42,"f","neutered","14/05/2019","18/11/2022",30,3,"gazing","r","1","r","l",1,2,"mobileET_ostension_Lumi_s3_yarbus","pb"
"514","Lenny","border_collie",156,"m","unneutered","14/01/2009","11/02/2022",1,2,"pointing","r","1","r","l",1,1,"mobileET_ostension_lenny_s2_yarbus","pb"
"515","Lenny","border_collie",156,"m","unneutered","14/01/2009","11/02/2022",2,2,"pointing","l","1","l","l",1,1,"mobileET_ostension_lenny_s2_yarbus","pb"
"516","Lenny","border_collie",156,"m","unneutered","14/01/2009","11/02/2022",3,2,"pointing","r","1","r","l",1,1,"mobileET_ostension_lenny_s2_yarbus","pb"
"517","Lenny","border_collie",156,"m","unneutered","14/01/2009","11/02/2022",4,2,"pointing","l","0","r","l",1,1,"mobileET_ostension_lenny_s2_yarbus","pb"
"518","Lenny","border_collie",156,"m","unneutered","14/01/2009","11/02/2022",5,2,"pointing","l","0","r","l",1,1,"mobileET_ostension_lenny_s2_yarbus","pb"
"519","Lenny","border_collie",156,"m","unneutered","14/01/2009","11/02/2022",6,2,"control","r","1","r","l",1,1,"mobileET_ostension_lenny_s2_yarbus","pb"
"520","Lenny","border_collie",156,"m","unneutered","14/01/2009","11/02/2022",7,2,"pointing","r","1","r","l",1,1,"mobileET_ostension_lenny_s2_yarbus","pb"
"521","Lenny","border_collie",156,"m","unneutered","14/01/2009","11/02/2022",8,2,"p+g","l","0","r","l",1,1,"mobileET_ostension_lenny_s2_yarbus","pb"
"522","Lenny","border_collie",156,"m","unneutered","14/01/2009","11/02/2022",9,2,"control","l","0","r","l",1,1,"mobileET_ostension_lenny_s2_yarbus","pb"
"523","Lenny","border_collie",156,"m","unneutered","14/01/2009","11/02/2022",10,2,"p+g","r","1","r","l",1,1,"mobileET_ostension_lenny_s2_yarbus","pb"
"524","Lenny","border_collie",156,"m","unneutered","14/01/2009","11/02/2022",11,2,"p+g","l","0","r","l",1,1,"mobileET_ostension_lenny_s2_yarbus","pb"
"525","Lenny","border_collie",156,"m","unneutered","14/01/2009","11/02/2022",12,2,"p+g","r","1","r","l",1,1,"mobileET_ostension_lenny_s2_yarbus","pb"
"526","Lenny","border_collie",156,"m","unneutered","14/01/2009","11/02/2022",13,2,"control","r","1","r","l",1,1,"mobileET_ostension_lenny_s2_yarbus","pb"
"527","Lenny","border_collie",156,"m","unneutered","14/01/2009","11/02/2022",14,2,"p+g","l","0","r","l",1,1,"mobileET_ostension_lenny_s2_yarbus","pb"
"528","Lenny","border_collie",156,"m","unneutered","14/01/2009","11/02/2022",15,2,"p+g","r","1","r","l",1,1,"mobileET_ostension_lenny_s2_yarbus","pb"
"529","Lenny","border_collie",166,"m","unneutered","14/01/2009","17/11/2022",16,3,"throwing","l","0","r","l",1,2,"mobileET_ostension_lenny_s3_yarbus","pb"
"530","Lenny","border_collie",166,"m","unneutered","14/01/2009","17/11/2022",17,3,"throwing","l","0","r","l",1,2,"mobileET_ostension_lenny_s3_yarbus","pb"
"531","Lenny","border_collie",166,"m","unneutered","14/01/2009","17/11/2022",18,3,"control","r","1","r","l",1,2,"mobileET_ostension_lenny_s3_yarbus","pb"
"532","Lenny","border_collie",166,"m","unneutered","14/01/2009","17/11/2022",19,3,"throwing","r","1","r","l",1,2,"mobileET_ostension_lenny_s3_yarbus","pb"
"533","Lenny","border_collie",166,"m","unneutered","14/01/2009","17/11/2022",20,3,"throwing","l","0","r","r",1,2,"mobileET_ostension_lenny_s3_yarbus","pb"
"534","Lenny","border_collie",166,"m","unneutered","14/01/2009","17/11/2022",21,3,"throwing","r","1","r","r",1,2,"mobileET_ostension_lenny_s3_yarbus","pb"
"535","Lenny","border_collie",166,"m","unneutered","14/01/2009","17/11/2022",22,3,"throwing","l","0","r","l",1,2,"mobileET_ostension_lenny_s3_yarbus","pb"
"536","Lenny","border_collie",166,"m","unneutered","14/01/2009","17/11/2022",23,3,"control","l","0","r","l",1,2,"mobileET_ostension_lenny_s3_yarbus","pb"
"537","Lenny","border_collie",166,"m","unneutered","14/01/2009","17/11/2022",24,3,"gazing","r","1","r","l",1,2,"mobileET_ostension_lenny_s3_yarbus","pb"
"538","Lenny","border_collie",166,"m","unneutered","14/01/2009","17/11/2022",25,3,"gazing","r","1","r","l",1,2,"mobileET_ostension_lenny_s3_yarbus","pb"
"539","Lenny","border_collie",166,"m","unneutered","14/01/2009","17/11/2022",26,3,"gazing","l","0","r","r",1,2,"mobileET_ostension_lenny_s3_yarbus","pb"
"540","Lenny","border_collie",166,"m","unneutered","14/01/2009","17/11/2022",27,3,"gazing","l","1","l","r",1,2,"mobileET_ostension_lenny_s3_yarbus","pb"
"541","Lenny","border_collie",166,"m","unneutered","14/01/2009","17/11/2022",28,3,"control","r","1","r","r",1,2,"mobileET_ostension_lenny_s3_yarbus","pb"
"542","Lenny","border_collie",166,"m","unneutered","14/01/2009","17/11/2022",29,3,"gazing","r","1","r","r",1,2,"mobileET_ostension_lenny_s3_yarbus","pb"
"543","Lenny","border_collie",166,"m","unneutered","14/01/2009","17/11/2022",30,3,"gazing","l","0","r","l",1,2,"mobileET_ostension_lenny_s3_yarbus","pb"
"544","Mitos","german_shephard",153,"m","neutered","04/01/2010","03/11/2022",1,1,"pointing","r","1","r","l",1,1,"mobileET_ostension_mitos_s1_yarbus","pb"
"545","Mitos","german_shephard",153,"m","neutered","04/01/2010","03/11/2022",2,1,"pointing","l","0","r","l",1,1,"mobileET_ostension_mitos_s1_yarbus","pb"
"546","Mitos","german_shephard",153,"m","neutered","04/01/2010","03/11/2022",3,1,"control","l","0","r","l",1,1,"mobileET_ostension_mitos_s1_yarbus","pb"
"547","Mitos","german_shephard",153,"m","neutered","04/01/2010","03/11/2022",4,1,"pointing","r","1","r","l",1,1,"mobileET_ostension_mitos_s1_yarbus","pb"
"548","Mitos","german_shephard",153,"m","neutered","04/01/2010","03/11/2022",5,1,"pointing","r","1","r","l",1,1,"mobileET_ostension_mitos_s1_yarbus","pb"
"549","Mitos","german_shephard",153,"m","neutered","04/01/2010","03/11/2022",6,1,"pointing","l","0","r","l",1,1,"mobileET_ostension_mitos_s1_yarbus","pb"
"550","Mitos","german_shephard",153,"m","neutered","04/01/2010","03/11/2022",7,1,"pointing","r","1","r","l",1,1,"mobileET_ostension_mitos_s1_yarbus","pb"
"551","Mitos","german_shephard",153,"m","neutered","04/01/2010","03/11/2022",8,1,"control","l","0","r","l",1,1,"mobileET_ostension_mitos_s1_yarbus","pb"
"552","Mitos","german_shephard",153,"m","neutered","04/01/2010","03/11/2022",9,1,"gazing","r","1","r","r",1,1,"mobileET_ostension_mitos_s1_yarbus","pb"
"553","Mitos","german_shephard",153,"m","neutered","04/01/2010","03/11/2022",10,1,"gazing","l","0","r","r",1,1,"mobileET_ostension_mitos_s1_yarbus","pb"
"554","Mitos","german_shephard",153,"m","neutered","04/01/2010","03/11/2022",11,1,"gazing","l","0","r","r",1,1,"mobileET_ostension_mitos_s1_yarbus","pb"
"555","Mitos","german_shephard",153,"m","neutered","04/01/2010","03/11/2022",12,1,"gazing","r","1","r","r",1,1,"mobileET_ostension_mitos_s1_yarbus","pb"
"556","Mitos","german_shephard",153,"m","neutered","04/01/2010","03/11/2022",13,1,"control","l","0","r","r",1,1,"mobileET_ostension_mitos_s1_yarbus","pb"
"557","Mitos","german_shephard",153,"m","neutered","04/01/2010","03/11/2022",14,1,"gazing","r","1","r","r",1,1,"mobileET_ostension_mitos_s1_yarbus","pb"
"558","Mitos","german_shephard",153,"m","neutered","04/01/2010","03/11/2022",15,1,"gazing","r","1","r","r",1,1,"mobileET_ostension_mitos_s1_yarbus","pb"
"559","Mitos","german_shephard",154,"m","neutered","04/01/2010","17/11/2022",16,2,"throwing","l","0","r","l",1,2,"mobileET_ostension_mitos_s2_yarbus","pb"
"560","Mitos","german_shephard",154,"m","neutered","04/01/2010","17/11/2022",17,2,"throwing","l","0","r","r",1,2,"mobileET_ostension_mitos_s2_yarbus","pb"
"561","Mitos","german_shephard",154,"m","neutered","04/01/2010","17/11/2022",18,2,"control","r","1","r","r",1,2,"mobileET_ostension_mitos_s2_yarbus","pb"
"562","Mitos","german_shephard",154,"m","neutered","04/01/2010","17/11/2022",19,2,"throwing","r","1","r","r",1,2,"mobileET_ostension_mitos_s2_yarbus","pb"
"563","Mitos","german_shephard",154,"m","neutered","04/01/2010","17/11/2022",20,2,"throwing","l","0","r","r",1,2,"mobileET_ostension_mitos_s2_yarbus","pb"
"564","Mitos","german_shephard",154,"m","neutered","04/01/2010","17/11/2022",21,2,"throwing","l","0","r","r",1,2,"mobileET_ostension_mitos_s2_yarbus","pb"
"565","Mitos","german_shephard",154,"m","neutered","04/01/2010","17/11/2022",22,2,"throwing","r","1","r","r",1,2,"mobileET_ostension_mitos_s2_yarbus","pb"
"566","Mitos","german_shephard",154,"m","neutered","04/01/2010","17/11/2022",23,2,"control","l","0","r","r",1,2,"mobileET_ostension_mitos_s2_yarbus","pb"
"567","Mitos","german_shephard",154,"m","neutered","04/01/2010","17/11/2022",24,2,"p+g","r","1","r","l",1,2,"mobileET_ostension_mitos_s2_yarbus","pb"
"568","Mitos","german_shephard",154,"m","neutered","04/01/2010","17/11/2022",25,2,"p+g","l","1","l","l",1,2,"mobileET_ostension_mitos_s2_yarbus","pb"
"569","Mitos","german_shephard",154,"m","neutered","04/01/2010","17/11/2022",26,2,"p+g","r","1","r","r",1,2,"mobileET_ostension_mitos_s2_yarbus","pb"
"570","Mitos","german_shephard",154,"m","neutered","04/01/2010","17/11/2022",27,2,"p+g","r","1","r","r",1,2,"mobileET_ostension_mitos_s2_yarbus","pb"
"571","Mitos","german_shephard",154,"m","neutered","04/01/2010","17/11/2022",28,2,"control","l","0","r","l",1,2,"mobileET_ostension_mitos_s2_yarbus","pb"
"572","Mitos","german_shephard",154,"m","neutered","04/01/2010","17/11/2022",29,2,"p+g","r","1","r","l",1,2,"mobileET_ostension_mitos_s2_yarbus","pb"
"573","Mitos","german_shephard",154,"m","neutered","04/01/2010","17/11/2022",30,2,"p+g","l","1","l","l",1,2,"mobileET_ostension_mitos_s2_yarbus","pb"
"574","Lillybet","samojede",92,"f","neutered","08/05/2015","09/01/2023",1,2,"throwing","r","1","r","l",1,1,"mobileET_ostension_lillybet_s2_yarbus","pb"
"575","Lillybet","samojede",92,"f","neutered","08/05/2015","09/01/2023",2,2,"throwing","l","1","l","l",1,1,"mobileET_ostension_lillybet_s2_yarbus","pb"
"576","Lillybet","samojede",92,"f","neutered","08/05/2015","09/01/2023",3,2,"control","l","0","r","l",1,1,"mobileET_ostension_lillybet_s2_yarbus","pb"
"577","Lillybet","samojede",92,"f","neutered","08/05/2015","09/01/2023",4,2,"throwing","r","1","r","l",1,1,"mobileET_ostension_lillybet_s2_yarbus","pb"
"578","Lillybet","samojede",92,"f","neutered","08/05/2015","09/01/2023",5,2,"throwing","l","0","r","l",1,1,"mobileET_ostension_lillybet_s2_yarbus","pb"
"579","Lillybet","samojede",92,"f","neutered","08/05/2015","09/01/2023",6,2,"throwing","r","1","r","l",1,1,"mobileET_ostension_lillybet_s2_yarbus","pb"
"580","Lillybet","samojede",92,"f","neutered","08/05/2015","09/01/2023",7,2,"throwing","r","1","r","l",1,1,"mobileET_ostension_lillybet_s2_yarbus","pb"
"581","Lillybet","samojede",92,"f","neutered","08/05/2015","09/01/2023",8,2,"control","l","0","r","l",1,1,"mobileET_ostension_lillybet_s2_yarbus","pb"
"582","Lillybet","samojede",92,"f","neutered","08/05/2015","09/01/2023",9,2,"pointing","l","0","r","l",1,1,"mobileET_ostension_lillybet_s2_yarbus","pb"
"583","Lillybet","samojede",92,"f","neutered","08/05/2015","09/01/2023",10,2,"pointing","r","1","r","l",1,1,"mobileET_ostension_lillybet_s2_yarbus","pb"
"584","Lillybet","samojede",92,"f","neutered","08/05/2015","09/01/2023",11,2,"pointing","r","1","r","l",1,1,"mobileET_ostension_lillybet_s2_yarbus","pb"
"585","Lillybet","samojede",92,"f","neutered","08/05/2015","09/01/2023",12,2,"pointing","l","0","r","l",1,1,"mobileET_ostension_lillybet_s2_yarbus","pb"
"586","Lillybet","samojede",92,"f","neutered","08/05/2015","09/01/2023",13,2,"control","r","1","r","l",1,1,"mobileET_ostension_lillybet_s2_yarbus","pb"
"587","Lillybet","samojede",92,"f","neutered","08/05/2015","09/01/2023",14,2,"pointing","l","1","l","l",1,1,"mobileET_ostension_lillybet_s2_yarbus","pb"
"588","Lillybet","samojede",92,"f","neutered","08/05/2015","09/01/2023",15,2,"pointing","l","1","r","l",1,1,"mobileET_ostension_lillybet_s2_yarbus","pb"
"589","Lillybet","samojede",92,"f","neutered","08/05/2015","30/01/2023",16,3,"p+g","r","1","r","r",1,2,"mobileET_ostension_lillybet_s3_yarbus","pb"
"590","Lillybet","samojede",92,"f","neutered","08/05/2015","30/01/2023",17,3,"p+g","r","1","r","r",1,2,"mobileET_ostension_lillybet_s3_yarbus","pb"
"591","Lillybet","samojede",92,"f","neutered","08/05/2015","30/01/2023",18,3,"control","l","1","l","r",1,2,"mobileET_ostension_lillybet_s3_yarbus","pb"
"592","Lillybet","samojede",92,"f","neutered","08/05/2015","30/01/2023",19,3,"p+g","r","1","r","r",1,2,"mobileET_ostension_lillybet_s3_yarbus","pb"
"593","Lillybet","samojede",92,"f","neutered","08/05/2015","30/01/2023",20,3,"p+g","l","1","l","r",1,2,"mobileET_ostension_lillybet_s3_yarbus","pb"
"594","Lillybet","samojede",92,"f","neutered","08/05/2015","30/01/2023",21,3,"p+g","l","0","r","r",1,2,"mobileET_ostension_lillybet_s3_yarbus","pb"
"595","Lillybet","samojede",92,"f","neutered","08/05/2015","30/01/2023",22,3,"p+g","r","0","l","r",1,2,"mobileET_ostension_lillybet_s3_yarbus","pb"
"596","Lillybet","samojede",92,"f","neutered","08/05/2015","30/01/2023",23,3,"control","r","0","l","r",1,2,"mobileET_ostension_lillybet_s3_yarbus","pb"
"597","Lillybet","samojede",92,"f","neutered","08/05/2015","30/01/2023",24,3,"gazing","l","1","l","r",1,2,"mobileET_ostension_lillybet_s3_yarbus","pb"
"598","Lillybet","samojede",92,"f","neutered","08/05/2015","30/01/2023",25,3,"gazing","l","1","l","r",1,2,"mobileET_ostension_lillybet_s3_yarbus","pb"
"599","Lillybet","samojede",92,"f","neutered","08/05/2015","30/01/2023",26,3,"gazing","r","0","l","r",1,2,"mobileET_ostension_lillybet_s3_yarbus","pb"
"600","Lillybet","samojede",92,"f","neutered","08/05/2015","30/01/2023",27,3,"gazing","r","0","l","r",1,2,"mobileET_ostension_lillybet_s3_yarbus","pb"
"601","Lillybet","samojede",92,"f","neutered","08/05/2015","30/01/2023",28,3,"control","l","1","l","r",1,2,"mobileET_ostension_lillybet_s3_yarbus","pb"
"602","Lillybet","samojede",92,"f","neutered","08/05/2015","30/01/2023",29,3,"gazing","l","0","r","r",1,2,"mobileET_ostension_lillybet_s3_yarbus","pb"
"603","Lillybet","samojede",92,"f","neutered","08/05/2015","30/01/2023",30,3,"gazing","r","1","r","r",1,2,"mobileET_ostension_lillybet_s3_yarbus","pb"
